OBJECTID,BRKEY,CTY_CODE,ST_RT_NO,SEG_NO,OFFSET,ADMIN_JURIS,DEC_LAT,DEC_LONG,BRIDGE_ID,FEATINT,DISTRICT,FACILITY,LOCATION,OWNER,YEARBUILT,YEARRECON,SERVTYPON,SERVTYPUND,MAINSPANS,APPSPANS,LENGTH,BRIDGE_LENGTH,DECKWIDTH,DKSURFTYPE,DKMEMBTYPE,DKPROTECT,MAIN_WS_THICKNESS,APPR_DKSURFTYPE,APPR_DKMEMBTYPE,APPR_DKPROTECT,APPR_WS_THICKNESS,FED_FUND,DEPT_MAIN_MATERIAL_TYPE,DEPT_MAIN_PHYSICAL_TYPE,DEPT_MAIN_SPAN_INTERACTION,DEPT_MAIN_STRUC_CONFIG,DEPT_APPR_MATERIAL_TYPE,DEPT_APPR_PHYSICAL_TYPE,DEPT_APPR_SPAN_INTERACTION,DEPT_APPR_STRUC_CONFIG,SUB_AGENCY,MAINT_RESP_DESC,APPR_PAVEMENT_WIDTH,COVERED_BRIDGE,FLOOD_INSP,DEPT_DKSTRUCTYP,BYPASSLEN,AROADWIDTH,ROADWIDTH,MIN_OVER_VERT_CLEAR_RIGHT,MIN_OVER_VERT_CLEAR_LEFT,POST_LIMIT_WEIGHT,POST_LIMIT_COMB,INSPDATE,BRINSPFREQ,POST_STATUS,SUFF_RATE,HBRR_ELIG,JURIS,SEG_END,OFFSET_END,SEG_PT_BGN,SEG_PT_END,SIDE_IND,NLF_ID,NLF_CNTL_BGN,NLF_CNTL_END,CUM_OFFSET_BGN,CUM_OFFSET_END,DKRATING,SUPRATING,SUBRATING,CULVRATING,STATE_LOCAL,DECK_AREA,BB_BRDGEID,BB_PCT,BRIDGEMED,CUSTODIAN,DESIGNAPPR,DESIGNMAIN,DKSTRUCTYP,FIPS_STATE,HCLRULT,HCLRURT,HISTSIGN,IMPLEN,LFTBRNAVCL,LFTCURBSW,MATERIALAPPR,MATERIALMAIN,MAXSPAN,NAVCNTROL,NAVHC,NAVVC,NBISLEN,NSTATECODE,PARALSTRUC,PLACECODE,REFHUC,REFVUC,RTCURBSW,SKEW,STRFLARED,STRUCT_NUM,SUMLANES,TEMPSTRUC,VCLROVER,ADTFUTURE,ADTFUTYEAR,ADTTOTAL,ADTYEAR,DEFHWY,DIRSUFFIX,FUNCCLASS,HCLRINV,KIND_HWY,KMPOST,LANES,LEVL_SRVC,NHS_IND,ON_UNDER,TOLLFAC,TRAFFICDIR,TRUCKPCT,AENDRATING,APPRALIGN,ARAILRATIN,CHANRATING,DECKGEOM,NEXTINSP,PIERPROT,RAILRATING,SCOURCRIT,STRRATING,TRANSRATIN,UNDERCLR,WATERADEQ,ROW_MODIFIED,BUS_PLAN_NETWORK,P3_INDICATOR,INSPKEY,BRIDGE_CATEGORY,CONDITION,CRGIS_SHPOKEY_NUM,SCOUR_CRIT_CTGRY,CONGRESS_DISTRICTS,COUNTY_MUNICIPALITY_CODES,HOUSE_DISTRICTS,SENATE_DISTRICTS,PLANNING_PARTNER_SHORT_NAME,GEOM_LENGTH_FT,GIS_UPDATE_DATE,GIS_GEOMETRY_UPDATE_DATE,GPID,Has Geometry,Has Geometry
3919600,2442,02,7301,0000,0,7,40.4399,-79.9518,02730100003088,SCHENLEY PARK STREAM,11,PANTHER HOLLOW TR,88 Schenley Prk Hlw Trl 2,04,1939,0,5,5,1,0,12,12,19.1000004,N,N,N,0,,,,0,,1,9,9,35,,,,,301,CITY OF PITTSBURGH,16,0,0,,3,16,15.8000002,99.9,99.9,,,11/13/1989 12:00:00 AM,24,A,90.5,,4,,0,,,1,-1,-1,-1,0,0,N,7,6,N,L,229.199997,,0,0,04,,19,N,42,,,5,13.1233597,0,0,,3,12,0,0,0,N,,N,61000,N,N,0,90,0,2442,0,,99.9,2,1987,2,1987,0,0,19,15.8000002,8,0,2,8,0,1,3,2,,2,7,2,7,7,11/13/1991 12:00:00 AM,N,6,,9,2,N,8,8/23/2022 5:00:37 AM,L,F,0004,N,F,,,12,02301,23,43,SPC,0,8/23/2022 5:00:37 AM,7/22/2022 9:39:14 AM,3919600,Y,Y
76024660,2437,02,7301,0000,0,7,40.4642,-79.9797,02730100003082,Three Rivers Heritage Tr,11,RIVER AV,082 RIVER AVE VIADUCT,04,1939,1986,5,0,6,0,179,179,36.7999992,2,0,1,3,,,,0,0,1,6,9,04,,,,,301,CITY OF PITTSBURGH,28,0,0,10,2,28,27.8000011,16.7000008,99.9,,,11/10/2022 12:00:00 AM,24,A,52.09999847,H,4,,0,,,1,-1,-1,-1,0,0,6,5,4,N,L,6587.19971,,0,0,04,,02,1,42,,,5,206.692917,0,5.30000019,,3,37,N,0,0,Y,,N,61000,N,N,5.30000019,86,1,2437,0,,16.7000008,6600,2030,6000,2004,0,0,19,27.8000011,5,0,2,2,0,1,3,2,7,4,8,4,N,4,11/10/2024 12:00:00 AM,N,6,N,4,3,N,N,1/10/2023 4:00:38 AM,L,F,0021,L,P,141453,,12,02301,21,42,SPC,6,1/10/2023 4:00:38 AM,3/31/2023 5:04:26 AM,76024660,Y,Y
3926680,2439,02,7301,0000,0,7,40.4366,-79.9467,02730100003085,"PANTH HOLLOW,UNKNOWN STR",11,PANTHER HOLLOW TR,085 Panther Hollow Rd Brg,04,1896,1999,5,5,1,4,640,640,63,1,0,1,0.5,6,2,0,2,1,1,6,9,17,6,9,9,20,301,CITY OF PITTSBURGH,39,0,0,10,4,39,28.3000011,99.9,99.9,,,5/18/2023 12:00:00 AM,24,A,62.90000153,H,4,,0,,,1,-1,-1,-1,0,0,7,5,6,N,L,40320.0039,,0,0,04,11,09,1,42,,,5,639.763794,0,8.60000038,8,3,360,0,0,0,Y,,N,61000,N,N,8.60000038,90,0,2439,0,,99.9,15000,2019,13500,2005,0,0,16,28.3000011,5,0,2,1,0,1,3,2,5,8,6,8,7,5,5/18/2025 12:00:00 AM,N,3,8,5,3,N,9,7/22/2023 5:00:38 AM,L,F,0021,L,F,009356,,12,02301,23,43,SPC,6,7/22/2023 5:00:38 AM,8/8/2019 10:51:36 AM,3926680,Y,Y
3928016,2446,02,7301,0000,0,7,40.4351,-79.9361,02730100003092,SCHENLEY PARK STREAM,11,LOCUST TR,092 Schenley Locst Brdl 2,04,1939,0,5,5,1,0,13,13,19.5,N,N,N,0,,,,0,,1,9,9,35,,,,,301,CITY OF PITTSBURGH,16,0,0,01,3,16,15.5,99.9,99.9,,,10/16/1989 12:00:00 AM,24,A,89.5,,4,,0,,,1,-1,-1,-1,0,0,N,6,5,N,L,253.5,,0,0,04,,19,N,42,,,5,59.0551186,0,0,,3,13,0,0,0,N,,N,61000,N,N,0,90,0,2446,0,,99.9,2,1987,2,1990,0,0,19,15.5,8,0,2,8,0,1,3,2,,2,7,2,7,8,10/16/1991 12:00:00 AM,N,6,,9,2,N,8,8/23/2022 5:00:37 AM,L,F,0004,N,F,,,12,02301,23,43,SPC,0,8/23/2022 5:00:37 AM,7/22/2022 9:39:13 AM,3928016,Y,Y
3928988,2452,02,7301,0000,0,7,40.457,-79.9476,02730100003101,"N-S RR,E BUSWAY,GROSS ST",11,SOUTH MILLVALE AV,101 S MILLVALE AVE BRIDGE,04,1927,2007,5,4,7,2,460.000031,460,56,1,0,1,0.5,,,,0,0,1,6,1,13,2,1,1,03,301,CITY OF PITTSBURGH,36,0,0,10,3,36,36,99.9,99.9,,,3/17/2022 12:00:00 AM,24,A,79.19999695,H,4,,0,,,1,-1,-1,-1,0,0,7,5,6,N,L,25760,,0,0,04,04,03,1,42,0,99.9,5,459.317566,0,7.79999971,1,3,90,N,0,0,Y,,N,61000,H,H,7.79999971,90,0,2452,6,,99.9,7000,2026,5525,2006,0,0,19,36,5,0,2,1,0,1,3,2,6,8,8,8,N,5,3/16/2024 12:00:00 AM,N,8,N,5,8,9,N,7/12/2022 5:00:37 AM,L,F,0024,L,F,129731,,12,02301,24,43,SPC,6,7/12/2022 5:00:37 AM,8/8/2019 10:51:44 AM,3928988,Y,Y
3932572,2466,02,7301,0000,0,7,40.4306,-80.0021,02730100003123,RAVINE,11,SYCAMORE ST,123 SYCAMORE ST,04,1984,0,5,0,2,0,190,190,37.5,6,0,1,3,,,,0,0,1,9,4,09,,,,,301,CITY OF PITTSBURGH,28,0,0,10,5.00000048,28,28,99.9,99.9,,,10/12/2021 12:00:00 AM,24,A,86.80000305,,4,,0,,,1,-1,-1,-1,0,0,6,6,6,N,L,7125.00049,,0,0,04,,02,1,42,0,0,5,190.288712,0,5.5,,4,116,N,0,0,Y,,N,61000,N,N,0.800000012,90,0,2466,0,,99.9,1870,2041,1700,2021,0,0,19,28,5,0,2,1,0,1,3,2,5,4,4,3,N,5,10/12/2023 12:00:00 AM,N,6,N,6,2,N,N,7/12/2022 5:00:37 AM,L,F,0018,L,F,,,12,02301,19,43,SPC,6,7/12/2022 5:00:37 AM,8/8/2019 10:51:56 AM,3932572,Y,Y
3933496,2426,02,7301,0000,0,7,40.4669,-79.916,02730100003057,NEGLEY RUN BLVD,11,MEADOW ST,057 MEADOW STREET BRIDGE,04,1914,1996,5,1,1,9,394,394,49,1,0,1,0.5,1,0,1,0.5,0,2,1,9,19,1,6,2,15,301,CITY OF PITTSBURGH,36,0,0,10,2,36,35,99.9,99.9,,,3/11/2022 12:00:00 AM,24,A,82.69999695,,4,,0,,,1,-1,-1,-1,0,0,7,5,5,N,L,19306,,0,0,04,03,11,1,42,2,15,5,393.700775,0,4.30000019,3,1,213,N,0,0,Y,,N,61000,H,H,4.30000019,90,0,2426,4,,99.9,3000,2037,1850,2020,0,0,19,35,5,0,2,1,0,1,3,2,7,4,7,4,N,6,3/11/2024 12:00:00 AM,N,5,N,5,6,3,N,7/12/2022 5:00:37 AM,L,F,0019,L,F,004409,,12,02301,24,38,SPC,6,7/12/2022 5:00:37 AM,8/8/2019 10:51:59 AM,3933496,Y,Y
3934164,2421,02,7301,0000,0,7,40.4657,-79.9812,02730100003050,RIALTO STREET,11,LOWRIE ST,050 Lowrie St Bridge,04,1900,2021,5,1,1,0,49,49,40,1,0,1,0.5,,,,0,0,4,2,2,07,,,,,301,CITY OF PITTSBURGH,24,0,0,10,2,24,24,99.9,99.9,,,4/12/2023 12:00:00 AM,24,A,51.40000153,H,4,,0,,,1,-1,-1,-1,0,0,8,8,4,N,L,1960.00012,,0,0,04,,05,1,42,0,11.5,5,49.2125969,0,8,,5,47,N,0,0,Y,,N,61000,H,H,8,85,0,2421,2,,99.9,1700,2045,1650,2023,0,0,19,24,5,0,2,1,0,1,3,2,3,8,8,8,N,4,4/12/2025 12:00:00 AM,,8,N,4,8,3,N,5/17/2023 5:00:38 AM,L,F,0028,L,P,129816,,12,02301,21,42,SPC,6,5/17/2023 5:00:38 AM,8/8/2019 10:52:01 AM,3934164,Y,Y
3934644,2424,02,7301,0000,0,7,40.4304,-80.0023,02730100003053,SYCAMORE STREET,11,MCARDLE RDWY RD,053 PJ McArdle Rdwy Bridg,04,1983,2019,5,1,3,0,453.999969,454,35,1,0,1,0.5,,,,0,1,1,9,4,09,,,,,301,CITY OF PITTSBURGH,24,0,0,10,3,24,27,99.9,99.9,,,9/27/2021 12:00:00 AM,24,A,47.5,P,4,,0,,,1,-1,-1,-1,0,0,5,7,4,N,L,15889.999,,0,0,04,,02,1,42,0,99.9,5,453,0,5.0999999,,4,185,N,0,0,Y,,N,61000,H,H,0,90,0,2424,2,,99.9,12100,2016,11000,2001,0,0,16,27,5,0,2,0,0,1,3,2,5,2,8,2,N,3,9/27/2023 12:00:00 AM,N,2,N,4,2,9,N,8/31/2022 5:00:38 AM,L,F,0020,L,P,,,12,02301,19,43,SPC,6,8/31/2022 5:00:38 AM,8/8/2019 10:52:03 AM,3934644,Y,Y
3935168,2414,02,7301,0000,0,7,40.38,-79.9347,02730100003038,STREETS RUN CREEK,11,CORLEY ST,038 Corley St (Ganges Way,04,1951,0,5,5,1,0,43,43,14,1,0,0,0.5,,,,0,0,2,1,1,99,,,,,301,CITY OF PITTSBURGH,15,0,1,10,99,15,10,99.9,99.9,,,8/12/2022 12:00:00 AM,24,A,43.40000153,P,4,,0,,,1,-1,-1,-1,0,0,4,5,5,N,L,602,,0,0,04,,00,1,42,0,0,5,42.6509171,0,4.5999999,,1,41,0,0,0,Y,,N,61000,N,N,0.699999988,53,0,2414,0,,99.9,55,2039,50,2022,0,0,19,10,5,0,1,0,0,1,3,3,10,2,4,2,4,2,8/12/2024 12:00:00 AM,,3,3,5,2,N,6,9/21/2022 5:00:37 AM,L,F,0019,L,P,129811,B,12,02301,38,43,SPC,6,9/21/2022 5:00:37 AM,8/8/2019 10:52:04 AM,3935168,Y,Y
3935628,2443,02,7301,0000,0,7,40.4399,-79.9518,02730100003089,SCHENLEY PARK STREAM,11,PANTHER HOLLOW TR,89 Schenley Prk Hlw Trl 3,04,1939,0,5,5,1,0,12,12,19,N,N,N,0,,,,0,,1,9,9,35,,,,,301,CITY OF PITTSBURGH,16,0,0,01,3,16,16,99.9,99.9,,,1/22/1990 12:00:00 AM,24,A,89.5,,4,,0,,,1,-1,-1,-1,0,0,N,N,N,7,L,227.999985,,0,0,04,,19,N,42,,,5,13.1233597,0,0,,3,12,0,0,0,N,,N,61000,N,N,0,90,0,2443,0,,99.9,2,1987,2,1987,0,0,19,15.5,8,0,1,8,0,1,3,2,,2,6,2,6,9,1/22/1992 12:00:00 AM,N,6,,7,2,N,6,8/23/2022 5:00:37 AM,L,F,0004,N,G,,,12,02301,23,43,SPC,0,8/23/2022 5:00:37 AM,7/22/2022 9:39:13 AM,3935628,Y,Y
3936272,2420,02,7301,0000,0,7,40.4628,-79.9055,02730100003048,WASHINGTON BLVD (RT 8),11,LINCOLN AV,048 Lincoln Ave Bridge,04,1905,1979,5,1,2,0,300,300,48.7999992,N,N,N,0,,,,0,1,6,9,9,20,,,,,301,CITY OF PITTSBURGH,34,0,0,00,2,34,34,99.9,99.9,,,3/7/2023 12:00:00 AM,24,A,66.30000305,H,4,,0,,,1,-1,-1,-1,0,0,N,5,5,N,L,14640.001,,0,0,04,,11,N,42,0,18.8999996,2,298.556427,0,5,,8,130,N,0,0,Y,,N,61000,H,H,5,90,0,2420,4,,99.9,8700,2043,7850,2021,0,0,19,34,5,0,2,1,0,1,3,2,5,5,8,5,N,4,3/7/2025 12:00:00 AM,N,5,N,4,8,6,N,5/6/2023 5:00:38 AM,L,F,0021,L,F,009620,,12,02301,24,38,SPC,6,5/6/2023 5:00:38 AM,8/8/2019 10:52:08 AM,3936272,Y,Y
3937972,2467,02,7301,0000,0,7,40.4587,-79.9871,02730100003125,HILLSIDE,11,GOETTMAN ST,125 Goettman St Bridge,04,1950,0,1,0,4,0,121.000008,121,17.5,6,0,0,4,,,,4,0,2,1,3,03,,,,,301,CITY OF PITTSBURGH,23,0,0,10,1,23,16.2000008,99.9,99.9,,,6/4/2021 12:00:00 AM,24,A,69.19999695,H,4,,0,,,1,-1,-1,-1,0,0,6,6,5,N,L,2117.5,,0,0,04,,04,1,42,,,5,121.391075,0,0,,2,30,N,0,0,Y,,N,61000,N,N,0.600000024,90,0,2467,0,,99.9,200,2043,180,2021,0,0,19,16.2000008,5,0,1,0,0,1,3,3,2,3,5,3,N,2,6/4/2023 12:00:00 AM,N,3,N,5,2,N,N,7/8/2023 5:00:38 AM,L,F,0019,L,F,129761,,12,02301,21,42,SPC,6,7/8/2023 5:00:38 AM,8/8/2019 10:52:14 AM,3937972,Y,Y
3939552,969,02,7301,0000,0,1,40.4417,-79.9967,02730100006007,PEDESTRIAN WALKWAY,11,WEBSTER AVENUE,TR 380 EB O/WLKWAY,04,1960,0,5,3,1,0,15,15,59,6,0,0,3,,,,0,,2,1,9,31,,,,,301,CITY OF PITTSBURGH,33,0,0,01,2,33,33,99.9,99.9,,,5/10/2003 12:00:00 AM,24,A,77.90000153,H,4,,0,,,1,-1,-1,-1,0,0,N,N,N,6,L,885,,0,0,04,00,19,N,42,0,0.5,5,15,0,2,0,1,15,N,0,0,N,,N,61000,N,N,20,90,0,969,0,,99.9,20000,2021,15901,2005,0,2,14,33,3,0,3,1,1,1,3,1,7,8,8,8,N,2,5/10/2005 12:00:00 AM,,8,N,6,8,N,N,7/20/2021 5:00:38 AM,L,F,0009,N,F,,,12,02301,19,42,SPC,0,7/20/2021 5:00:38 AM,7/22/2022 9:39:13 AM,3939552,Y,Y
3944100,40788,02,7301,0000,0,7,40.427,-79.9628,02730100003147,CSX RAILROAD TUNNEL,11,HOT METAL STREET,147 Hot Metal St Bridge,04,2000,0,5,2,1,0,73,73,69,1,0,1,0.5,,,,0,,4,2,2,06,,,,,301,CITY OF PITTSBURGH,44,0,0,10,1,44,44,99.9,99.9,,,3/10/2022 12:00:00 AM,24,A,81.40000153,,4,,0,,,1,-1,-1,-1,0,0,7,7,7,N,L,5037,,0,0,04,,06,1,42,,99.9,5,72.1784744,0,12.5,,5,70,N,0,0,Y,,N,61000,N,R,11.5,90,0,40788,0,,99.9,20000,2030,17500,2006,0,0,19,44,5,0,4,6,0,1,3,2,8,8,8,8,N,6,3/10/2024 12:00:00 AM,,8,N,7,8,4,N,7/12/2022 5:00:37 AM,L,F,0013,L,G,,,12,02301,36,43,SPC,6,7/12/2022 5:00:37 AM,8/8/2019 10:52:35 AM,3944100,Y,Y
3944896,2397,02,7301,0000,0,7,40.4587,-79.9576,02730100003009,BLOOMFIELD BRIDGE RAMP F,11,BIGELOW BV,009 Bigelow Blvd Underpas,04,1986,0,1,1,1,0,27,27,56.5000038,N,N,N,0,,,,0,1,2,1,9,30,,,,,301,CITY OF PITTSBURGH,50,0,0,00,1,54,53.5000038,99.9,99.9,,,9/9/2022 12:00:00 AM,24,A,79.09999847,H,4,,0,,,1,-1,-1,-1,0,0,N,N,N,6,L,1525.50012,,0,3,04,,19,N,42,2,2,5,26.2467194,0,5,,1,27,N,0,0,Y,,N,61000,H,H,0,38,1,2397,1,,99.9,22110,2040,20100,2020,0,0,14,26,5,0,4,1,1,1,3,2,5,8,N,8,N,N,9/9/2024 12:00:00 AM,,8,N,6,8,3,N,4/15/2023 5:00:37 AM,H,F,0023,L,F,,,12,02301,"21, 24","42, 43",SPC,30,4/15/2023 5:00:37 AM,5/1/2023 3:09:05 PM,3944896,Y,Y
3945736,2448,02,7301,0000,0,7,40.4763,-80.0328,02730100003095,"WOODS RUN RD, LECKY WAY",11,SHADELAND AVENUE,095 SHADELAND AVE BRIDGE,04,1993,0,5,1,5,0,772,772,43.5,1,0,1,0.5,,,,0,0,1,9,4,09,,,,,301,CITY OF PITTSBURGH,28,0,0,10,1,28,28,99.9,99.9,,,8/11/2021 12:00:00 AM,24,A,79.69999695,H,4,,0,,,1,-1,-1,-1,0,0,6,7,6,N,L,33582.0039,,0,0,04,,02,1,42,0,5.80000019,4,770.997375,0,5,,4,166,N,0,0,Y,,N,61000,H,H,5,90,0,2448,6,,99.9,8000,2043,3000,2021,0,0,19,28,5,0,2,1,0,1,3,2,17,4,8,8,N,4,8/11/2023 12:00:00 AM,N,5,N,6,8,4,N,7/12/2022 5:00:37 AM,L,F,0016,L,F,,,12,02301,19,42,SPC,6,7/12/2022 5:00:37 AM,8/8/2019 10:52:41 AM,3945736,Y,Y
3949212,2444,02,7301,0000,0,7,40.434,-79.9356,02730100003090,SCHENLEY PARK STREAM,11,PANTHER HOLLOW TR,90 Schenley Prk Hlw Trl 4,04,1908,0,5,5,1,0,56,56,23.7999992,N,N,N,0,,,,0,0,2,1,9,20,,,,,301,CITY OF PITTSBURGH,17,0,0,01,3,20,20,99.9,99.9,,,3/31/2023 12:00:00 AM,24,A,99,,4,,0,,,1,-1,-1,-1,0,0,N,6,6,N,L,1332.80005,,0,0,04,,11,N,42,,,1,134.514435,0,0,,1,56,0,0,0,Y,,N,61000,N,N,0,85,1,2444,0,,99.9,50,2045,50,2023,0,0,19,20,8,0,2,8,0,1,3,2,3,N,6,N,6,5,3/31/2025 12:00:00 AM,,N,4,6,N,N,9,5/18/2023 5:00:38 AM,L,F,0019,L,F,129719,D,12,02301,23,43,SPC,6,5/18/2023 5:00:38 AM,8/8/2019 10:52:53 AM,3949212,Y,Y
3951276,570,02,7301,0000,0,7,40.4546,-79.9943,02730100003131,"PA 28 EB&WB,RAMP H EB",11,CHESTNUT ST,131 Chestnut St. Bridge,04,1988,2017,5,1,2,0,151,151,65.5,3,0,1,1.29999983,,,,0,1,1,9,4,09,,,,,301,CITY OF PITTSBURGH,50,0,0,10,2,50,50,99.9,99.9,,,6/17/2022 12:00:00 AM,24,A,81.90000153,,4,,0,,,1,-1,-1,-1,0,0,7,7,7,N,L,9890.5,,0,0,04,,02,1,42,8.5,8.5,5,154.199478,0,5.5,,4,79,N,0,0,Y,,N,61000,H,H,5.5,83,1,570,6,,99.9,5500,2044,5000,2022,0,0,19,50,5,0,4,1,0,1,3,2,5,6,8,6,N,4,6/17/2024 12:00:00 AM,N,5,N,7,6,4,N,7/21/2022 5:00:38 AM,L,F,0019,L,G,,,12,02301,21,42,SPC,6,7/21/2022 5:00:38 AM,8/8/2019 10:53:01 AM,3951276,Y,Y
3952532,2413,02,7301,0000,0,7,40.4062,-80.0039,02730100003036,SAW MILL RUN CREEK,11,FRANUM ST,036 Franum St (Ensign Ave,04,1981,0,5,5,1,0,63,63,31.8000011,6,2,1,1.5,,,,0,0,1,9,2,09,,,,,301,CITY OF PITTSBURGH,24,0,0,10,99,24,24,99.9,99.9,,,4/10/2023 12:00:00 AM,24,A,86,,4,,0,,,1,-1,-1,-1,0,0,7,6,6,N,L,2003.40015,,0,0,04,,02,1,42,,,5,59.0551186,0,5.30000019,,3,59,0,0,0,Y,,N,61000,N,N,0.800000012,80,0,2413,0,,99.9,200,2033,125,2023,0,0,19,24,5,0,2,0,0,1,3,2,5,6,8,8,5,5,4/10/2025 12:00:00 AM,,6,4,6,8,N,4,5/23/2023 5:00:37 AM,L,F,0022,L,F,,D,12,02301,36,43,SPC,6,5/23/2023 5:00:37 AM,8/8/2019 10:53:06 AM,3952532,Y,Y
3955124,2468,02,7301,0000,0,7,40.4678,-79.9077,02730100003130,ALLEGHENY VALLEY RR,11,LARIMER AV,130 Larimer Ave over AVRR,04,1904,1989,5,2,1,0,124,124,44,1,0,1,0.5,,,,0,1,1,9,2,09,,,,,301,CITY OF PITTSBURGH,30,0,0,10,2,30,30,99.9,99.9,,,8/20/2021 12:00:00 AM,24,A,73.40000153,H,4,,0,,,1,-1,-1,-1,0,0,7,7,6,N,L,5456,,0,0,04,,02,1,42,0,99.9,5,124.671913,0,4.30000019,,3,119.000008,N,0,0,Y,,N,61000,R,R,4.30000019,90,0,2468,0,,99.9,8800,2041,8000,2021,0,0,19,29.8999977,5,0,2,0,0,1,3,2,5,2,8,2,N,3,8/20/2023 12:00:00 AM,,6,N,6,2,3,N,7/12/2022 5:00:37 AM,L,F,0019,L,F,129746,,12,02301,24,38,SPC,6,7/12/2022 5:00:37 AM,8/8/2019 10:53:15 AM,3955124,Y,Y
3956160,2399,02,7301,0000,0,7,40.383,-79.9329,02730100003014,STREETS RUN CREEK,11,CALERA ST,014 Calera St Bridge No.1,04,1931,0,5,5,1,0,32,32,20.5,6,0,0,7.5,,,,0,0,1,6,1,04,,,,,301,CITY OF PITTSBURGH,19,0,1,10,99,27,10.6999998,99.9,99.9,12.000001,,1/9/2023 12:00:00 AM,24,P,5,P,4,,0,,,1,-1,-1,-1,0,0,6,3,4,N,L,656,,0,0,04,,02,1,42,0,0,5,36.0892372,0,6.30000019,,3,31,0,0,0,Y,,N,61000,N,N,0,90,0,2399,0,T,99.9,125,2045,125,2023,0,0,19,10.6999998,5,0,2,1,0,1,3,2,5,2,8,8,4,3,7/9/2024 12:00:00 AM,,3,3,3,8,N,4,8/12/2023 5:00:38 AM,L,F,0044,L,P,129784,B,12,02301,38,43,SPC,6,8/12/2023 5:00:38 AM,8/8/2019 10:53:19 AM,3956160,Y,Y
3958652,2457,02,7301,0000,0,7,40.4267,-79.9506,02730100003110,"CSX/AV RR, SALINE ST",11,FRAZIER ST,110 SWINBURNE BRIDGE,04,1915,2013,5,4,6,6,599,599,30,1,0,1,0.5,1,0,1,0.5,0,1,6,9,14,1,6,9,13,301,CITY OF PITTSBURGH,30,0,0,10,2,30,30,99.9,99.9,16,23,4/27/2023 12:00:00 AM,24,P,19.79999924,P,4,,0,,,1,-1,-1,-1,0,0,6,4,4,N,L,17970,,0,0,04,03,03,1,42,0,7.4000001,5,600.393677,0,0.600000024,3,3,75,N,0,0,Y,,N,61000,H,R,6.0999999,90,0,2457,2,T,99.9,6600,2041,6000,2021,0,0,19,30,5,0,2,1,0,1,3,2,5,3,5,3,N,4,10/20/2024 12:00:00 AM,N,5,N,4,3,4,N,8/11/2023 5:00:38 AM,L,F,0037,L,P,129752,,12,02301,23,43,SPC,6,8/11/2023 5:00:38 AM,8/8/2019 10:53:29 AM,3958652,Y,Y
3958744,2427,02,7301,0000,0,7,40.4233,-79.9743,02730100003060,GOMER AND GREELY STREETS,11,MISSION ST,060 MISSION ST EAST,04,1939,1982,5,1,3,0,225,225,36,1,0,1,0.5,,,,0,0,1,6,3,16,,,,,301,CITY OF PITTSBURGH,22,0,0,10,2,22,22,99.9,99.9,32,,9/16/2022 12:00:00 AM,24,P,55.29999924,H,4,,0,,,1,-1,-1,-1,0,0,5,5,5,N,L,8100,,0,0,04,,03,1,42,0,1.29999995,2,226.377945,0,5.9000001,,4,93,N,0,0,Y,,N,61000,H,H,5.9000001,90,0,2427,4,,99.9,650,2042,650,2020,0,0,19,22,5,0,2,1,0,1,3,2,5,4,8,4,N,4,9/16/2024 12:00:00 AM,!,4,N,5,3,3,N,11/16/2022 4:00:38 AM,L,F,0032,L,F,129717,,12,02301,36,43,SPC,6,11/16/2022 4:00:38 AM,8/8/2019 10:53:29 AM,3958744,Y,Y
3959204,1060,02,7301,0000,0,7,40.4768,-80.0076,02730100003136,"I-279(LR 1021)NB,SB&HOV",11,MILROY ST,136 Milroy St Bridge,04,1986,0,5,1,3,0,354,354,33.5999985,2,0,1,0.5,,,,0,0,1,9,4,09,,,,,301,CITY OF PITTSBURGH,24,0,0,10,2,24,24,99.9,99.9,,,4/11/2023 12:00:00 AM,24,A,59.90000153,H,4,,0,,,1,-1,-1,-1,0,0,6,6,4,N,L,11894.3994,,0,0,04,,02,1,42,99.9,99.9,5,354.330719,0,0,,4,210.000015,N,0,0,Y,,N,61000,H,H,5,90,0,1060,29,,99.9,300,2021,300,2021,0,0,16,24,5,0,2,8,0,1,3,2,10,8,8,5,N,5,4/11/2025 12:00:00 AM,N,5,N,4,5,9,N,6/9/2023 5:00:38 AM,L,F,0022,L,P,,,12,02301,19,42,SPC,6,6/9/2023 5:00:38 AM,8/8/2019 10:53:31 AM,3959204,Y,Y
3966740,2425,02,7301,0000,0,7,40.4353,-80.0119,02730100003054,HILLSIDE,11,MCARDLE RDWY RD,054 PJ McArdle Rdwy Bridg,04,1929,1984,5,0,10,0,298,298,32,6,0,1,3,,,,0,0,1,6,1,99,,,,,301,CITY OF PITTSBURGH,24,0,0,10,4,24,24,99.9,99.9,,,8/6/2021 12:00:00 AM,24,A,59.70000076,H,4,,0,,,1,-1,-1,-1,0,0,5,5,5,N,L,9536,,0,0,04,,00,1,42,,,5,298.556427,0,0,,3,29,N,0,0,Y,,N,61000,N,N,6,90,0,2425,0,,99.9,12000,2043,11000,2021,0,0,16,24,5,1,2,1,0,1,3,2,6,3,5,3,N,2,8/6/2023 12:00:00 AM,!,3,N,5,2,N,N,8/5/2023 5:00:38 AM,L,F,0021,L,F,129723,,12,02301,27,42,SPC,6,8/5/2023 5:00:38 AM,8/8/2019 10:54:00 AM,3966740,Y,Y
3967460,42334,02,2128,0010,3011,1,40.4464,-79.9966,02730100003149,PEDESTRIAN WALKWAY,11,10TH ST BYPASS,149 Fort Duquesne Blvd Br,04,2002,,1,3,1,0,76,76,75.5,1,0,1,0.5,,,,0,,4,2,2,06,,,,,301,CITY OF PITTSBURGH,46,0,0,10,1,46,46,24.5599995,99.9,,,6/15/2022 12:00:00 AM,24,A,94.09999847,,4,,0,,,1,-1,-1,-1,0,0,7,7,7,N,L,5738,,0,0,04,,06,1,42,,,5,0,0,6.9000001,,5,71,N,,,Y,,N,61000,N,N,17.3999996,82,0,42334,0,,24.5599995,10929,2037,23748,2023,0,1,14,46,3,0,2,1,1,1,3,1,6,8,8,6,N,2,6/15/2024 12:00:00 AM,,8,N,7,6,N,N,2/14/2023 4:00:38 AM,2,F,0011,L,G,,,12,02301,19,42,SPC,6,2/14/2023 4:00:38 AM,8/8/2019 10:54:03 AM,3967460,Y,Y
3971856,2422,02,7301,0000,0,7,40.4711,-80.0079,02730100003051,N CHARLES STREET,11,MAPLE AVENUE,051 Maple Ave Bridge,04,1929,1953,5,1,1,0,42,42,40,6,0,0,9,,,,0,0,1,6,1,04,,,,,301,CITY OF PITTSBURGH,22,0,0,10,1,22,24,99.9,99.9,,,10/25/2021 12:00:00 AM,24,A,49.90000153,P,4,,0,,,1,-1,-1,-1,0,0,3,5,4,N,L,1680.00012,,0,0,04,,02,1,42,0,99.9,5,42.6509171,0,7.20000029,,3,38,N,0,0,Y,,N,61000,H,H,7.20000029,90,0,2422,2,,99.9,440,2041,400,2021,0,0,19,24,5,0,2,1,0,1,3,2,5,2,8,2,N,5,10/25/2023 12:00:00 AM,,3,N,4,2,3,N,7/12/2022 5:00:37 AM,L,F,0019,L,P,129819,,12,02301,19,42,SPC,6,7/12/2022 5:00:37 AM,8/8/2019 10:54:20 AM,3971856,Y,Y
3974960,1230,02,0400,0050,2348,7,40.4553,-79.9442,02730100003008,N-S RR  PAT EAST BUSWAY,11,BAUM BL,008 Baum Blvd Bridge,04,1913,1986,5,0,3,0,370,370,60,1,0,1,0.5,,,,0,1,1,9,4,09,,,,,301,CITY OF PITTSBURGH,44,0,0,10,2,44,44,99.9,99.9,,,5/15/2021 12:00:00 AM,24,A,61.09999847,H,4,,0,,,1,-1,-1,-1,0,0,6,7,5,N,L,22200,,0,0,04,,02,1,42,0,1,5,370.734894,0,3,,4,146,N,0,0,Y,,N,61000,H,N,3,63,0,1230,0,,99.9,24000,2030,16305,2022,0,2,14,44,3,2.73799968,4,1,1,1,3,1,2,4,8,4,N,4,5/15/2023 12:00:00 AM,N,4,N,5,4,3,N,6/1/2023 5:00:37 AM,2,F,0021,L,F,,,12,02301,24,43,SPC,6,6/1/2023 5:00:37 AM,8/8/2019 10:54:33 AM,3974960,Y,Y
3978856,2430,02,7301,0000,0,7,40.4293,-79.998,02730100003065,HILLSIDE,11,PJ McARDLE ROADWAY,065 PJ McArdle Rdwy Via 2,04,1934,2004,5,0,12,0,373,373,37.4000015,1,0,1,0.5,,,,0,0,1,9,4,04,,,,,301,CITY OF PITTSBURGH,27,0,0,16,2,27,28.5,99.9,99.9,,,3/1/2022 12:00:00 AM,24,A,81.30000305,,4,,0,,,1,-1,-1,-1,0,0,7,7,6,N,L,13950.2012,,0,3,04,,02,6,42,0,0,2,374.015747,0,0.800000012,,4,35,N,0,0,Y,,N,61000,N,N,4.80000019,90,1,2430,0,,99.9,9000,2019,9028,2006,0,0,19,21,5,0,2,1,0,1,3,2,1,8,6,8,N,4,3/1/2024 12:00:00 AM,N,7,N,6,8,N,N,7/12/2022 5:00:37 AM,L,F,0022,L,F,007633,,12,02301,19,43,SPC,6,7/12/2022 5:00:37 AM,8/8/2019 10:54:49 AM,3978856,Y,Y
3979680,1041,02,0279,0016,0,7,40.4565,-79.9981,02027900160998,"I279,I579 NB&SB,HOV",11,TRIPOLI STREET,132 Tripoli St Bridge,04,1987,2018,5,1,2,0,264,264,53.6999969,1,0,1,0.5,,,,0,1,1,9,4,09,,,,,301,"CITY,SUP;PADOT,SUB",28,0,0,10,2,38,28,99.9,99.9,,,5/25/2022 12:00:00 AM,24,A,82.19999695,,4,,0,,,1,-1,-1,-1,0,0,6,7,7,N,L,14176.8008,,0,0,04,,02,1,42,0,99.9,5,262.467194,0,12.1999998,,4,130,N,0,0,Y,,N,61000,H,H,7.9000001,86,0,1041,60,,99.9,1835,2032,1500,2010,0,0,19,28,5,0,2,1,0,1,3,2,5,8,6,6,N,5,5/25/2024 12:00:00 AM,N,6,N,7,6,3,N,7/9/2022 5:00:38 AM,L,F,0020,L,F,,,12,02301,19,42,SPC,6,7/9/2022 5:00:38 AM,8/8/2019 10:54:52 AM,3979680,Y,Y
3980424,2407,02,7301,0000,0,7,40.4123,-79.9684,02730100003027,BRANCH OF BECKS RUN CRK,11,EADS ST,027 Eads St Bridge,04,1952,2001,1,5,1,0,26,26,12.5,6,0,1,3,,,,0,0,1,6,1,04,,,,,301,CITY OF PITTSBURGH,12,0,0,16,99,12,12.5,99.9,99.9,,,7/27/2021 12:00:00 AM,24,A,74.5,H,4,,0,,,1,-1,-1,-1,0,0,7,7,6,N,L,325,,0,N,04,,02,6,42,,,5,22.9658794,0,0,,3,24,0,0,0,Y,,N,61000,N,N,0,84,0,2407,0,,99.9,75,2043,50,2023,0,0,19,12.5,5,0,1,8,0,1,3,3,1,2,6,3,6,4,7/27/2023 12:00:00 AM,,3,8,6,2,N,6,8/10/2023 5:00:37 AM,L,F,0024,L,F,129806,,12,02301,36,43,SPC,6,8/10/2023 5:00:37 AM,8/8/2019 10:54:56 AM,3980424,Y,Y
3980872,2418,02,7301,0000,0,7,40.4831,-79.9198,02730100003043,ZOO WALKWAY,11,HILL RD,043 Hill Rd (One Wild Pla,04,1940,1980,5,3,1,0,49,49,53,N,N,N,0,,,,0,0,6,9,9,20,,,,,301,CITY OF PITTSBURGH,40,0,0,01,3,40,39.5,99.9,99.9,,,4/19/2023 12:00:00 AM,24,A,92.40000153,,4,,0,,,1,-1,-1,-1,0,0,N,6,6,N,L,2597,,0,0,04,,11,N,42,,,5,49.2125969,0,6.80000067,,8,49,N,0,0,Y,,N,61000,N,N,4.19999981,90,0,2418,0,,99.9,12320,2020,11200,2007,0,0,19,39.5,5,0,2,0,0,1,3,2,5,3,5,3,N,5,4/19/2025 12:00:00 AM,,4,N,6,3,N,N,5/23/2023 5:00:37 AM,L,F,0021,L,F,129814,,12,02301,24,38,SPC,6,5/23/2023 5:00:37 AM,8/8/2019 10:54:57 AM,3980872,Y,Y
3981616,1047,02,0279,0016,0,7,40.4586,-79.9988,02027900161799,"I279 NB&SB,HOV&RAMP-S",11,"East St, Ramp Q",134 Ramp Q Bridge,04,1987,2018,1,1,2,0,248,248,37.5,1,0,1,0.5,,,,0,1,1,9,4,09,,,,,301,"CITY,SUP PADOT,SUB",34,0,0,10,2,39,34,99.9,99.9,,,5/25/2022 12:00:00 AM,24,A,91.69999695,,4,,0,,,1,-1,-1,-1,0,0,6,6,7,N,L,9300,,0,N,04,,02,1,42,0,99.9,5,249.343826,0,0.800000012,,4,124,N,0,0,Y,,N,61000,H,H,0.800000012,87,1,1047,9,,99.9,2447,2042,2000,2022,0,4,19,34,5,0,2,7,0,1,3,1,5,8,5,6,N,7,5/25/2024 12:00:00 AM,N,5,N,6,6,4,N,7/9/2022 5:00:38 AM,L,F,0022,L,F,,,12,02301,19,42,SPC,6,7/9/2022 5:00:38 AM,8/8/2019 10:55:01 AM,3981616,Y,Y
3984368,2408,02,7301,0000,0,7,40.4021,-80.0008,02730100003028,SAW MILL RUN CREEK,11,EDGEBROOK AV,028 Edgebrook Ave,04,1914,2004,1,5,1,0,37,37,32,1,0,1,0.5,,,,0,0,1,6,2,04,,,,,301,CITY OF PITTSBURGH,24,0,0,10,3,24,24,99.9,99.9,,,6/14/2022 12:00:00 AM,24,A,79.30000305,H,4,,0,,,1,-1,-1,-1,0,0,8,8,7,N,L,1184,,0,0,04,,02,1,42,0,0,5,36.0892372,0,0,,3,35,0,0,0,Y,,N,61000,N,N,5.5,90,0,2408,0,,99.9,2500,2028,2250,2008,0,0,16,24,5,0,2,0,0,1,3,2,1,3,8,4,4,2,6/14/2024 12:00:00 AM,,8,5,7,6,N,7,7/14/2022 5:00:38 AM,L,F,0022,L,G,129817,,12,02301,36,43,SPC,6,7/14/2022 5:00:38 AM,8/8/2019 10:55:12 AM,3984368,Y,Y
3986080,2405,02,7301,0000,0,7,40.417,-80.0151,02730100003023,SAW MILL RUN CREEK,11,CRANE AV,023 Crane Ave Bridge,04,1983,0,5,5,2,0,72,72,0,N,N,N,0,,,,0,0,1,9,9,32,,,,,301,CITY OF PITTSBURGH,14,0,1,01,5.00000048,14,0,99.9,99.9,,,10/12/2021 12:00:00 AM,24,A,81.59999847,,4,,0,,,1,-1,-1,-1,0,0,N,N,N,6,L,1008,,0,5,04,,19,N,42,,,5,72.1784744,0,6,,3,35,0,0,0,Y,,N,61000,N,N,6,90,1,2405,0,,99.9,5720,2041,5200,2021,0,0,17,54.5999985,5,0,4,1,0,1,3,2,5,8,N,4,5,N,10/12/2023 12:00:00 AM,N,4,3,6,8,N,8,7/12/2022 5:00:37 AM,L,F,0019,L,F,,B,12,02301,36,42,SPC,6,7/12/2022 5:00:37 AM,8/8/2019 10:55:20 AM,3986080,Y,Y
3987512,2411,02,2108,0100,1051,7,40.4446,-79.9468,02730100003034,"CSX RR, BOUNDARY ST",11,FORBES AV,034 Forbes Ave Bridge,04,1900,1983,5,4,1,0,159,159,56,6,0,1,2,,,,0,1,1,9,2,09,,,,,301,CITY OF PITTSBURGH,40,0,0,10,2,40,40,99.9,99.9,,,9/29/2021 12:00:00 AM,24,A,92.69999695,,4,,0,,,1,-1,-1,-1,0,0,6,7,7,N,L,8904,,0,0,04,,02,1,42,0,2,5,150.91864,0,5.30000019,,3,150,0,0,0,Y,,N,61000,H,R,5.30000019,90,0,2411,2,,99.9,15000,2029,8014,2023,0,2,14,40,3,0.977999985,2,1,1,1,3,1,10,2,8,5,N,5,9/29/2023 12:00:00 AM,,6,N,7,8,3,N,5/31/2023 5:00:37 AM,2,F,0020,L,F,129799,,12,02301,23,43,SPC,6,5/31/2023 5:00:37 AM,8/8/2019 10:55:26 AM,3987512,Y,Y
3988564,2454,02,7301,0000,0,7,40.4257,-79.9856,02730100003104,NORFOLK SOUTHERN RR,11,SOUTH TWELFTH ST,104 S 12th St Bridge,04,1901,1994,5,2,1,0,75,75,40.5,1,0,1,0.5,,,,0,0,1,7,2,04,,,,,301,CITY PGH & NRFK STHRN RR,30,0,0,10,2,30,32,99.9,99.9,,,10/28/2022 12:00:00 AM,24,A,92.5,,4,,0,,,1,-1,-1,-1,0,0,7,8,7,N,L,3037.5,,0,0,04,,02,1,42,0,99.9,5,75.4593201,0,0.699999988,,3,71,N,0,0,Y,,N,61000,R,R,5.5999999,90,0,2454,0,,99.9,3500,2040,3000,2020,0,0,19,32,5,0,2,1,0,1,3,2,4,2,4,2,N,4,10/28/2024 12:00:00 AM,,6,N,7,2,5,N,1/14/2023 4:00:38 AM,L,F,0019,L,G,129722,,12,02301,19,43,SPC,6,1/14/2023 4:00:38 AM,8/8/2019 10:55:31 AM,3988564,Y,Y
85333344,53484,02,7301,0000,0,-,40.4072,-80.0344,02730100003152,Trib to Saw Mill,11,Carnahan Road,016 Carnahan Rd culvert,04,2021,,5,5,1,0,16,16,48,6,2,1,,,,,,,3,1,9,31,,,,,301,CITY OF PITTSBURGH,36,0,0,00,2,36,36,99.9,99.9,,,8/26/2016 12:00:00 AM,24,A,45,,4,,0,,,1,-1,-1,-1,0,0,N,N,N,N,L,768,,,-,04,,19,N,42,,,5,,,6,,1,16,,,,N,,N,61000,,N,6,85,0,53484,0,!,99.9,,,,,,,,,,,,,0,1,N,,,N,N,N,N,N,1/1/2001 12:00:00 AM,,N,8,9,N,N,N,8/23/2023 5:00:38 AM,L,F,0002,N,N,,,12,02301,27,42,SPC,6,8/23/2023 5:00:38 AM,8/23/2023 5:07:21 AM,85333344,Y,Y
3993560,2458,02,7301,0000,0,7,40.4813,-80.0427,02730100003112,VERNER AVENUE,11,BRIGHTON HEIGHTS,112 Brighton Heights Blvd,04,1930,1980,5,1,1,0,75,75,59.2000008,1,0,0,0.5,,,,0,0,4,2,1,04,,,,,301,CITY OF PITTSBURGH,40,0,0,10,2,40,40,99.9,99.9,,,8/27/2021 12:00:00 AM,24,A,47.5,P,4,,0,,,1,-1,-1,-1,0,0,5,7,4,N,L,4440.00049,,0,0,04,,02,1,42,0,99.9,5,75.4593201,0,7.79999971,,5,72,N,0,0,Y,,N,61000,H,H,7.79999971,42,0,2458,2,,99.9,14410,2041,13100,2021,0,0,19,40,5,0,3,3,0,1,3,2,6,2,6,2,N,5,8/27/2023 12:00:00 AM,,3,N,4,2,3,N,7/12/2022 5:00:37 AM,L,F,0020,L,P,129751,,12,02301,20,42,SPC,6,7/12/2022 5:00:37 AM,8/8/2019 10:55:53 AM,3993560,Y,Y
3993696,2440,02,7301,0000,0,7,40.4353,-79.9466,02730100003086,OVERLOOK DRIVE,11,PANTHER HOLLOW RD,086 Panther Hollow Overpa,04,1988,0,1,1,1,0,59,59,51.2999992,1,0,1,0.5,,,,0,0,4,2,2,07,,,,,301,CITY OF PITTSBURGH,47,0,0,10,2,47,46.5999985,99.9,99.9,,,3/2/2023 12:00:00 AM,24,C,16.10000038,P,4,,0,,,1,-1,-1,-1,0,0,4,4,6,N,L,3026.69995,,0,5,04,,05,1,42,2,2,5,59.0551186,0,0,,5,57,N,0,0,Y,,N,61000,H,H,0,74,0,2440,2,,99.9,23100,2040,21000,2020,0,0,14,46.5,5,0,4,0,1,1,3,2,3,3,7,3,N,2,9/8/2024 12:00:00 AM,,5,N,4,3,3,N,3/30/2023 5:00:38 AM,H,F,0023,L,P,,,12,02301,23,43,SPC,6,3/30/2023 5:00:38 AM,8/8/2019 10:55:53 AM,3993696,Y,Y
3994536,2455,02,7301,0000,0,7,40.4384,-80.0059,02730100003106,I-376 WB (PARKWAY EAST),11,STANWIX ST,106 Stanwix St Bridge,04,1939,2002,5,1,1,0,71,71,86.6999969,1,0,1,0.5,,,,0,0,1,9,1,13,,,,,301,CITY OF PITTSBURGH,62,0,0,10,2,62,66.1999969,99.9,99.9,,,12/10/2022 12:00:00 AM,24,A,88.69999695,,4,,0,,,1,-1,-1,-1,0,0,7,7,6,N,L,6155.69971,,0,5,04,,03,1,42,2.9000001,1.70000017,5,65.6167984,0,0,,3,67,N,0,0,Y,,N,61000,H,H,0,90,1,2455,3,,99.9,9000,2039,8600,2022,0,0,14,21,5,0,3,0,1,1,3,2,5,6,8,4,N,5,12/10/2024 12:00:00 AM,,5,N,6,6,3,N,2/24/2023 4:00:37 AM,H,F,0022,L,F,129754,,12,02301,19,42,SPC,6,2/24/2023 4:00:37 AM,8/8/2019 10:55:57 AM,3994536,Y,Y
3998784,2402,02,7301,0000,0,7,40.4529,-80.0546,02730100003020,PAT AIRPORT BUSWAY,11,CHARTIERS AV,020 Chartiers Ave Bridge,04,1908,0,5,1,3,0,91,91,60,6,2,0,5.5,,,,0,0,1,6,9,04,,,,,301,CITY OF PITTSBURGH,54,0,0,10,2,54,40,99.9,99.9,,,10/26/2021 12:00:00 AM,24,A,65.09999847,H,4,,0,,,1,-1,-1,-1,0,0,5,5,5,N,L,5460,,0,0,04,,02,1,42,0,1.89999986,5,91.8635178,0,9.69999981,,3,34,N,0,0,Y,,N,61000,H,H,9.69999981,90,0,2402,2,,99.9,14000,2041,12700,2021,0,0,16,40,5,0,2,6,0,1,3,2,5,8,8,8,N,5,10/26/2023 12:00:00 AM,N,4,N,5,8,3,N,7/12/2022 5:00:37 AM,L,F,0019,L,F,129785,,12,02301,27,42,SPC,6,7/12/2022 5:00:37 AM,8/8/2019 10:56:16 AM,3998784,Y,Y
4001256,2464,02,7301,0000,0,7,40.4379,-80.0044,02730100003121,"I-376(WB),FORT PITT BLVD",11,MARKET ST,121 MARKET ST BRIDGE,04,1940,2002,1,1,1,0,73,73,78,1,0,1,0.5,,,,0,0,1,6,2,04,,,,,301,CITY OF PITTSBURGH,100,0,0,10,2,100,62,99.9,99.9,,,12/18/2022 12:00:00 AM,24,A,88.5,,4,,0,,,1,-1,-1,-1,0,0,7,7,6,N,L,5694,,0,9,04,,02,1,42,2.20000005,1.70000017,5,68.8976364,0,0.600000024,,3,68,N,0,0,Y,,N,61000,H,H,0.600000024,90,1,2464,4,,99.9,4000,2039,2824,2022,0,0,19,38,5,0,2,0,0,1,3,2,6,4,7,4,N,9,12/18/2024 12:00:00 AM,,8,N,6,4,3,N,2/24/2023 4:00:37 AM,L,F,0019,L,F,129747,,12,02301,19,42,SPC,6,2/24/2023 4:00:37 AM,8/8/2019 10:56:28 AM,4001256,Y,Y
4003652,2429,02,7301,0000,0,7,40.4278,-79.9928,02730100003064,NORFOLK SOUTHERN R/R,11,MCARDLE RDWY,064 PJ McArdle Rdwy Via 1,04,1933,2012,5,2,1,11,554,554,36.2999992,1,0,1,0.5,1,0,1,0.5,0,1,9,1,18,1,6,4,04,301,CITY OF PITTSBURGH,27,0,0,10,2,27,27,12.6000004,99.9,,,3/23/2023 12:00:00 AM,24,A,75.30000305,H,4,,0,,,1,-1,-1,-1,0,0,8,6,6,N,L,20110.1992,,0,0,04,02,10,1,42,27.6000004,20.6000004,2,544.619446,0,0,4,3,214.999985,N,0,0,Y,,N,61000,R,R,5,90,0,2429,0,,12.6000004,10175,2037,9028,2020,0,0,16,27.1000004,5,0,2,1,0,1,3,2,1,8,6,8,N,5,6/30/2024 12:00:00 AM,!,8,N,6,8,7,N,3/28/2023 5:00:38 AM,L,F,0029,L,F,129728,,12,02301,19,43,SPC,6,3/28/2023 5:00:38 AM,8/8/2019 10:56:39 AM,4003652,Y,Y
4005712,2393,02,7301,0000,0,7,40.3768,-79.995,02730100003004,WEYMAN RUN,11,ARCATA ST,301004 OVER WEYMAN RUN,04,1938,1975,5,5,1,0,14,14,24.1000004,6,0,0,2,,,,0,,2,1,1,01,,,,,301,CITY OF PITTSBURGH,9,0,0,10,99,9,8.5,99.9,99.9,5,,8/18/1987 12:00:00 AM,12,P,24.60000038,P,4,,0,,,1,-1,-1,-1,0,0,5,5,5,N,L,337.400024,,0,0,04,,01,1,42,,,5,14,0,0,,1,12,0,0,0,N,,N,61000,N,N,0,90,0,2393,0,,99.9,6,1990,6,1987,0,0,19,13,5,0,1,0,0,1,3,2,,2,N,2,5,5,8/18/1988 12:00:00 AM,N,3,,5,2,N,5,7/20/2021 5:00:38 AM,L,F,0002,N,F,,,12,02301,36,42,SPC,0,7/20/2021 5:00:38 AM,7/22/2022 9:39:12 AM,4005712,Y,Y
4008208,2423,02,7301,0000,0,7,40.472,-80.0372,02730100003052,"MCCLURE AVE, ECKERT ST",11,CALIFORNIA  AVENUE,052 Robert McAfee Bridge,04,1928,1981,5,1,1,7,642,642,55.6999969,6,0,1,3,6,0,0,3,0,1,6,9,17,1,6,8,04,301,CITY OF PITTSBURGH,38,0,0,10,2,38,38,99.9,99.9,,,3/14/2023 12:00:00 AM,24,A,84.19999695,,4,,0,,,1,-1,-1,-1,0,0,5,5,5,N,L,35759.3984,,0,0,04,02,09,1,42,0,11,2,698.818909,0,6,3,3,375,N,0,0,Y,,N,61000,H,H,6,90,0,2423,4,,99.9,10100,2039,10000,2022,0,0,19,38,5,0,2,1,0,1,3,2,5,4,8,6,N,5,9/8/2023 12:00:00 AM,N,5,N,5,8,7,N,5/11/2023 5:00:37 AM,L,F,0029,L,F,129743,,12,02301,19,42,SPC,6,5/11/2023 5:00:37 AM,8/8/2019 10:57:00 AM,4008208,Y,Y
4008624,2428,02,7301,0000,0,7,40.4236,-79.9769,02730100003061,SOUTH 21ST STREET,11,MISSION ST,061 MISSION ST WEST,04,1939,1982,5,1,3,0,394,394,36,6,0,1,3,,,,0,0,1,6,3,16,,,,,301,CITY OF PITTSBURGH,22,0,0,10,2,22,22,99.9,99.9,32,,9/16/2022 12:00:00 AM,24,P,61.59999847,H,4,,0,,,1,-1,-1,-1,0,0,6,5,5,N,L,14184.001,,0,0,04,,03,1,42,0,36.5,2,393.700775,0,6.5,,4,160,N,0,0,Y,,N,61000,H,H,6.5,78,0,2428,2,,99.9,650,2040,650,2020,0,0,19,22,5,0,2,1,0,1,3,2,4,4,8,4,N,4,9/16/2024 12:00:00 AM,N,4,N,5,3,9,N,11/16/2022 4:00:38 AM,L,F,0037,L,F,129725,,12,02301,36,43,SPC,6,11/16/2022 4:00:38 AM,8/8/2019 10:57:02 AM,4008624,Y,Y
4011184,2403,02,7301,0000,0,7,40.4649,-80.0536,02730100003021,CHARTIERS CREEK,11,WEST CARSON ST,021 W Carson St Bridge,04,1925,1978,5,5,1,0,144,144,45.9000015,6,0,0,4,,,,0,1,1,8,1,18,,,,,301,CITY OF PITTSBURGH,34,0,0,05,2,34,34.5,14.9000006,99.9,35,40,8/31/2022 12:00:00 AM,24,P,10.30000019,P,4,,0,,,1,-1,-1,-1,0,0,5,5,4,N,L,6609.6001,,0,0,04,,10,5,42,0,0,5,144.356949,0,8.80000019,,3,140,0,0,0,Y,,N,61000,N,N,1.29999995,90,0,2403,0,,14.9000006,5524,2042,5022,2022,0,0,19,34.5,5,0,3,6,0,1,3,2,5,3,8,4,7,2,8/31/2023 12:00:00 AM,,4,4,3,4,N,7,10/14/2022 5:00:38 AM,L,F,0026,L,P,129786,D,17,02444,45,42,SPC,6,10/14/2022 5:00:38 AM,8/8/2019 10:57:14 AM,4011184,Y,Y
4016204,2435,02,7301,0000,0,7,40.4611,-80.0544,02730100003078,PGH & OHIO CENTRAL RR,11,RADCLIFFE ST,078 Radcliffe St Bridge,04,1983,0,5,2,1,0,50,50,40,1,0,1,0.5,,,,0,1,1,7,2,04,,,,,301,CITY OF PITTSBURGH,24,0,0,10,2,24,24,99.9,99.9,,,9/29/2022 12:00:00 AM,24,A,77.30000305,H,4,,0,,,1,-1,-1,-1,0,0,7,7,6,N,L,2000.00012,,0,0,04,,02,1,42,13.5,13.5,5,49.2125969,0,5,,3,48,N,0,0,Y,,N,61000,R,R,5,90,0,2435,0,,99.9,3850,2040,3500,2020,0,0,19,24,5,0,2,1,0,1,3,2,7,6,4,8,N,2,9/29/2024 12:00:00 AM,,6,N,6,8,5,N,12/2/2022 4:00:38 AM,L,F,0019,L,F,,,12,02301,19,42,SPC,6,12/2/2022 4:00:38 AM,8/8/2019 10:57:39 AM,4016204,Y,Y
4019316,2438,02,7301,0000,0,7,40.4414,-79.9493,02730100003084,"CSX RAILROAD,BOUNDARY ST",11,SCHENLEY DR,084 Schenley Dr Bridge,04,1896,1994,5,4,1,2,480,480,80,1,0,1,0.5,6,2,N,2,1,1,6,9,17,6,9,9,20,301,CITY OF PITTSBURGH,57,0,0,10,3,57,57,99.9,99.9,,,5/12/2023 12:00:00 AM,24,A,83.30000305,,4,,0,,,1,-1,-1,-1,0,0,6,5,6,N,L,38400,,0,0,04,11,09,1,42,0,99.9,5,479.002625,0,9,8,3,360,N,0,0,Y,,N,61000,H,R,9,90,0,2438,2,,99.9,15000,2020,14000,2003,0,0,16,38.4000015,5,0,4,1,0,1,3,2,5,8,8,8,N,5,5/12/2025 12:00:00 AM,N,4,N,5,3,9,N,7/22/2023 5:00:38 AM,L,F,0021,L,F,129732,,12,02301,23,43,SPC,6,7/22/2023 5:00:38 AM,8/8/2019 10:57:54 AM,4019316,Y,Y
4025916,2396,02,7301,0000,0,7,40.4129,-79.9596,02730100003007,BRANCH OF BECKS RUN CRK,11,BAJO ST,007 Bajo St Bridge (off B,04,1900,0,5,5,1,0,19,19,17.5,6,0,0,0.600000024,,,,0,,1,6,1,04,,,,,301,CITY OF PITTSBURGH,18,0,0,10,2,20,14.5,99.9,99.9,10,,7/19/1990 12:00:00 AM,12,P,19.20000076,P,4,,0,,,1,-1,-1,-1,0,0,5,3,4,N,L,332.500031,,0,0,04,,02,1,42,,,5,19.6850395,0,1.5,,3,18,0,0,0,N,,N,61000,N,N,1.5,90,0,2396,0,,99.9,300,2012,300,1990,0,0,19,20,5,0,1,0,0,1,3,2,,2,6,2,5,2,7/19/1991 12:00:00 AM,N,2,6,3,2,N,5,8/18/2022 5:00:38 AM,L,F,0006,N,P,129783,,12,02301,36,43,SPC,0,8/18/2022 5:00:38 AM,7/22/2022 9:39:15 AM,4025916,Y,Y
4028684,1042,02,0279,0016,0,7,40.4571,-79.9983,02027900161235,"I279,I579 NB&SB, HOV",11,NORTH AV,133 E North Ave Bridge,04,1987,2018,5,1,2,0,255,255,44.7000008,1,0,1,0.5,,,,0,1,1,9,4,09,,,,,301,"CITY,SUP PADOT,SUB",28,0,0,10,1,28,28,99.9,99.9,,,5/25/2022 12:00:00 AM,24,A,78.5,H,4,,0,,,1,-1,-1,-1,0,0,6,7,7,N,L,11398.5,,0,0,04,,02,1,42,0,99.9,5,255.905502,0,0.800000012,,4,127.000008,N,0,0,Y,,N,61000,H,H,12.1999998,81,0,1042,18,,99.9,6117,2042,5000,2022,0,0,19,28,5,0,2,1,0,1,3,2,6,8,7,6,N,4,5/25/2024 12:00:00 AM,N,6,N,7,6,3,N,7/9/2022 5:00:38 AM,L,F,0020,L,F,,,12,02301,19,42,SPC,6,7/9/2022 5:00:38 AM,8/8/2019 10:58:48 AM,4028684,Y,Y
4029192,2453,02,7301,0000,0,7,40.4563,-79.9335,02730100003102,N-S RR & PAT EBUSWAY,11,SOUTH NEGLEY AV,102 S Negley Ave Bridge,04,1924,1973,5,4,1,0,106,106,50,6,0,1,3,,,,0,0,1,6,1,18,,,,,301,CITY OF PGH & N-S RR,50,0,0,10,2,50,30,99.9,99.9,,,5/31/2023 12:00:00 AM,24,A,42.20000076,P,4,,0,,,1,-1,-1,-1,0,0,5,4,6,N,L,5300,,0,0,04,,10,1,42,0,99.9,5,104.986877,0,7.30000067,,3,104,N,0,0,Y,,N,61000,H,H,7.30000067,73,0,2453,2,,99.9,16500,2030,15000,2005,0,0,16,30,5,0,2,1,0,1,3,2,5,2,5,2,N,3,11/30/2023 12:00:00 AM,,2,N,4,2,3,N,8/4/2023 5:00:38 AM,L,F,0031,L,P,129718,,12,02301,24,43,SPC,6,8/4/2023 5:00:38 AM,8/8/2019 10:58:50 AM,4029192,Y,Y
4031620,2450,02,7301,0000,0,7,40.4539,-79.9374,02730100003098,N-S RR & EAST BUSWAY,11,SOUTH AIKEN AV,098 S Aiken Ave Bridge,04,1929,1979,5,4,3,0,212,212,56,6,2,1,3,,,,0,0,1,6,3,04,,,,,301,"CITY/PGH, N-S RR  & PAT",36,0,0,10,2,36,40,99.9,99.9,,,10/28/2022 12:00:00 AM,24,A,75,H,4,,0,,,1,-1,-1,-1,0,0,5,6,5,N,L,11871.999,,0,0,04,,02,1,42,0,99.9,5,213.254593,0,5.5,,4,86,N,0,0,Y,,N,61000,H,H,5.5,90,0,2450,2,,99.9,14592,2041,9821,2021,0,0,19,36,5,0,2,1,0,1,3,2,3,6,6,7,N,5,10/28/2024 12:00:00 AM,N,5,N,5,8,3,N,3/28/2023 5:00:38 AM,L,F,0019,L,F,,,12,02301,24,43,SPC,6,3/28/2023 5:00:38 AM,8/8/2019 10:59:03 AM,4031620,Y,Y
4035664,2463,02,7301,0000,0,7,40.4373,-80.0027,02730100003120,I-376 WB (PARKWAY EAST),11,WOOD ST,120 WOOD STREET BRIDGE,04,1939,2002,5,1,1,0,70,70,95,1,0,1,0.5,,,,0,0,1,9,1,13,,,,,301,CITY OF PITTSBURGH,36,0,0,10,2,36,58,99.9,99.9,,,12/18/2022 12:00:00 AM,24,A,87.90000153,,4,,0,,,1,-1,-1,-1,0,0,7,7,6,N,L,6650,,0,0,04,,03,1,42,3.5,2,5,65.6167984,0,0.800000012,,3,67,N,0,0,Y,,N,61000,H,H,10,90,1,2463,3,,99.9,5000,2037,5000,2020,0,0,19,15.1999989,5,0,4,7,0,1,3,2,6,4,8,4,N,3,12/18/2024 12:00:00 AM,,6,N,6,4,3,N,2/25/2023 4:00:38 AM,L,F,0019,L,F,129733,,12,02301,19,42,SPC,6,2/25/2023 4:00:38 AM,8/8/2019 10:59:24 AM,4035664,Y,Y
4040704,2460,02,7301,0000,0,7,40.458,-79.988,02730100003114,HILLSIDE,11,TROY HILL RD,114 TROY HILL ROAD,04,1965,0,5,0,3,0,52,52,22.5,6,0,0,3,,,,0,0,2,1,3,01,,,,,301,CITY OF PITTSBURGH,27,0,0,10,2,27,11.5,99.9,99.9,,,9/8/2022 12:00:00 AM,24,A,68.80000305,H,4,,0,,,1,-1,-1,-1,0,0,6,5,5,N,L,1170.00012,,0,0,04,,01,1,42,,,5,52.4934387,0,0,,2,19,N,0,0,Y,,N,61000,N,N,9,90,0,2460,0,,99.9,11000,2040,1000,2020,0,2,19,26.7000027,5,0,1,0,0,1,3,1,5,3,5,4,N,4,9/8/2024 12:00:00 AM,N,4,N,5,8,N,N,10/14/2022 5:00:38 AM,L,F,0015,L,F,,,12,02301,21,42,SPC,6,10/14/2022 5:00:38 AM,8/8/2019 10:59:51 AM,4040704,Y,Y
4042232,2395,02,7301,0000,0,7,40.3945,-79.9976,02730100003006,SAW MILL RUN,11,ANSONIA PL,006 Ansonia Pl Bridge,04,1925,1998,5,5,1,0,36,36,30.5,2,0,0,6,,,,0,0,8,6,1,04,,,,,301,CITY OF PITTSBURGH,18,0,0,10,2,31,18,99.9,99.9,,,6/14/2022 12:00:00 AM,24,C,32.5,P,4,,0,,,1,-1,-1,-1,0,0,3,4,5,N,L,1098.00012,,0,0,04,,02,1,42,0,0,5,32.8083992,0,5,,3,33,0,0,0,Y,,N,61000,N,N,5,90,0,2395,0,,99.9,0,2043,0,2021,0,0,19,18,5,0,2,1,0,1,3,2,5,2,8,2,6,4,6/14/2024 12:00:00 AM,,4,4,0,2,N,7,7/1/2023 5:00:38 AM,L,F,0035,L,P,129782,D,12,02301,36,42,SPC,6,7/1/2023 5:00:38 AM,8/8/2019 10:59:59 AM,4042232,Y,Y
76109484,2417,02,7301,0000,0,7,40.464,-79.9791,02730100003041,ALLEGHENY RIVER,11,HERRS ISLAND RD,041 30th St Bridge (Herrs,04,1986,,5,5,1,2,282,282,38,3,0,1,3,3,0,1,3,0,1,9,2,09,1,6,2,04,301,CITY OF PITTSBURGH,28,0,0,10,99,28,28,99.9,99.9,,,11/9/2022 12:00:00 AM,24,A,65.5,H,4,,0,,,1,-1,-1,-1,0,0,5,5,5,N,L,10716,,0,0,04,02,02,1,42,,,5,282.152222,0,0.699999988,3,3,177,0,0,0,Y,,N,61000,N,N,5.5999999,85,1,2417,0,,99.9,880,2030,800,2004,0,0,19,28,5,0,2,1,0,1,3,2,3,4,8,6,8,5,11/9/2024 12:00:00 AM,N,5,8,5,6,N,8,12/1/2022 4:00:38 AM,L,F,0019,L,F,129813,,12,02301,21,42,SPC,6,12/1/2022 4:00:38 AM,3/31/2023 6:21:40 AM,76109484,Y,Y
4048132,2394,02,7301,0000,0,7,40.4345,-79.9498,02730100003005,CSX RR & BIKE TRAIL,11,BLVD OF THE ALLIES,005 Charles Anderson Brid,04,1938,1987,5,2,3,0,780,780,58,1,0,0,0.5,,,,0,1,1,6,9,17,,,,,301,CITY OF PITTSBURGH,40,0,0,10,2,42,42,99.9,99.9,,,10/22/2022 12:00:00 AM,24,C,6,P,4,,0,,,1,-1,-1,-1,0,0,5,1,4,N,L,45240,,0,0,04,,09,1,42,0,24,1,780.839905,0,6,,3,360,N,0,0,Y,,N,61000,H,R,6,90,0,2394,0,,99.9,24000,2042,21211,2022,0,0,14,42,5,0,4,1,1,1,3,2,5,4,7,6,N,2,10/22/2024 12:00:00 AM,N,5,N,0,7,8,N,3/14/2023 5:00:38 AM,H,F,0030,L,P,009350,,12,02301,23,43,SPC,6,3/14/2023 5:00:38 AM,8/8/2019 11:00:31 AM,4048132,Y,Y
85341000,54496,02,7301,0000,0,7,40.4286,-79.9379,02730100003932,I-376 Parkway East,11,Greenfield Ave,039 Greenfield Bridge,04,2017,,5,1,1,2,468.000031,468,53.7999954,3,0,1,1.29999983,3,0,1,1.29999983,,1,9,4,19,1,6,4,04,301,,41,0,0,10,2,41,41,99.9,99.9,,,10/30/2021 12:00:00 AM,24,A,78.80000305,H,4,,0,,,1,-1,-1,-1,0,0,8,8,9,N,L,25178.4004,,,0,04,02,11,1,42,2.5,10,4,,,10,4,4,326,,,,Y,,N,61000,N,H,0.699999988,90,0,54496,6,!,99.9,11424,2043,11424,2021,0,0,19,41,5,0,3,1,0,1,1,2,10,8,6,8,N,7,10/30/2023 12:00:00 AM,!,8,N,7,8,3,N,8/23/2023 5:00:38 AM,L,F,0004,L,G,,,12,02301,23,43,SPC,6,8/23/2023 5:00:38 AM,8/23/2023 5:12:10 AM,85341000,Y,Y
4056400,42018,02,7301,0000,0,7,40.4368,-80.0009,02730100003150,MON WHARF FLOOD WALLS,11,RELOCATED FT PITT,150 Fort Pitt Blvd (Wood,04,2002,0,1,0,3,0,351,351,23.5,1,0,1,0.5,,,,0,1,4,2,4,04,,,,,301,CITY OF PITTSBURGH,20,0,0,11,1,20,20,99.9,99.9,,,11/3/2022 12:00:00 AM,24,A,79.69999695,H,4,,0,,,1,-1,-1,-1,0,0,7,8,7,N,L,8248.50098,,0,N,04,,02,1,42,0,0,5,351.049866,0,0.600000024,,6,116,N,0,0,Y,,N,61000,N,N,0.600000024,89,0,42018,0,,99.9,15780,2030,13800,2004,0,2,19,20,5,0,2,7,0,1,3,1,5,8,6,8,N,2,11/3/2024 12:00:00 AM,N,8,N,7,8,N,N,1/7/2023 4:00:37 AM,L,F,0011,L,G,,,12,02301,19,42,SPC,6,1/7/2023 4:00:37 AM,8/8/2019 11:01:19 AM,4056400,Y,Y
4060236,2471,02,7301,0000,0,7,40.4646,-79.919,02730100003931,PEDESTRIAN WALKWAY,11,E LIBERTY(SB) BL,031 E LIBERTY BLVD SB,04,1968,0,5,3,1,0,52,52,36.7999992,6,0,0,6,,,,0,1,4,2,2,06,,,,,301,CITY OF PITTSBURGH,24,0,0,10,1,22,22,99.9,99.9,,,8/27/2021 12:00:00 AM,24,A,69.30000305,H,4,,0,,,1,-1,-1,-1,0,0,6,6,4,N,L,1913.59998,,0,0,04,,06,1,42,0,0,5,52.4934387,0,0,,5,50,N,0,0,Y,,N,61000,N,N,8.69999981,87,0,2471,0,,99.9,7300,2041,6635,2021,0,3,19,22,5,0,1,0,0,1,3,1,5,2,7,3,N,7,8/27/2023 12:00:00 AM,,3,N,4,2,N,N,7/12/2022 5:00:37 AM,L,F,0019,L,P,,,12,02301,24,38,SPC,6,7/12/2022 5:00:37 AM,8/8/2019 11:01:41 AM,4060236,Y,Y
85342520,48206,02,7301,0000,0,7,40.4591,-79.9251,02730100003100,"ELLSWORTH, E BUSWAY, NSR",11,SOUTH HIGHLAND AVE,100 S Highland Ave Bridge,04,1925,2013,5,4,2,0,117.000008,117,62.2999992,1,0,1,0.5,,,,,,1,6,2,04,,,,,301,,36,0,0,10,2,36,36,99.9,99.9,,,11/29/2021 12:00:00 AM,24,A,95.69999695,,4,,0,,,1,-1,-1,-1,0,0,8,8,6,N,L,7289.10059,,0,0,04,,02,1,42,0,0,4,0,0,12.1999998,,3,74,N,,,Y,,N,61000,H,H,12.1999998,70,0,48206,4,!,99.9,11101,2041,8242,2021,0,0,19,36,5,0,2,1,0,1,3,2,13,8,5,8,N,4,11/29/2023 12:00:00 AM,N,8,N,6,8,6,N,8/23/2023 5:00:38 AM,L,F,0008,L,F,,,12,02301,24,43,SPC,6,8/23/2023 5:00:38 AM,8/23/2023 5:13:07 AM,85342520,Y,Y
4063780,2433,02,7301,0000,0,7,40.4556,-80.018,02730100003075,NORFOLK SOUTHERN RR,11,PENNSYLVANIA AV,075 Pennsylvania Ave Brid,04,1986,0,5,2,1,0,153,153,60,6,2,1,2.5,,,,0,0,1,9,2,12,,,,,301,CITY OF PITTSBURGH,46,0,0,10,2,46,46,99.9,99.9,,,9/29/2022 12:00:00 AM,24,A,81.19999695,,4,,0,,,1,-1,-1,-1,0,0,6,5,5,N,L,9180,,0,0,04,,03,1,42,0,99.9,5,154.199478,0,5.30000019,,3,144,N,0,0,Y,,N,61000,R,R,5.30000019,47,0,2433,0,,99.9,12150,2040,10125,2020,0,0,19,46,5,0,2,1,0,1,3,2,7,4,6,8,N,9,9/29/2024 12:00:00 AM,,5,N,5,5,3,N,2/11/2023 4:00:38 AM,L,F,0019,L,F,,,12,02301,19,42,SPC,0,2/11/2023 4:00:38 AM,7/22/2022 9:39:14 AM,4063780,Y,Y
4068660,2419,02,7301,0000,0,7,40.4675,-79.9088,02730100003047,WASHINGTON BLVD (RT 8),11,LARIMER AV,047 Larimer Ave over Wash,04,1912,1979,5,1,1,7,548,548,46,6,9,0,3,6,9,0,3,0,2,1,9,19,2,1,1,03,301,CITY OF PITTSBURGH,30,0,0,10,2,30,30,99.9,99.9,36,40,8/31/2022 12:00:00 AM,24,P,45.29999924,P,4,,0,,,1,-1,-1,-1,0,0,4,4,4,N,L,25208,,0,0,04,04,11,1,42,0,1.60000002,2,547.900269,0,4.4000001,1,1,300,N,0,0,Y,,N,61000,H,H,4.4000001,90,0,2419,4,,99.9,8800,2044,8000,2022,0,0,19,30,5,0,2,1,0,1,3,2,5,3,8,4,N,4,8/31/2023 12:00:00 AM,N,5,N,4,4,3,N,8/3/2023 5:00:38 AM,L,F,0021,L,P,129815,,12,02301,24,38,SPC,6,8/3/2023 5:00:38 AM,8/8/2019 11:02:32 AM,4068660,Y,Y
4074088,2461,02,7301,0000,0,7,40.456,-79.9733,02730100003115,N-S RR /PAT/SASSAFRAS ST,11,TWENTY EIGHTH ST,115 28th St Bridge,04,1931,1974,5,4,1,4,315,315,24.7000008,6,0,1,3,6,0,0,3,0,1,6,1,18,1,6,1,04,301,"CITY/PGH, N-S RR & PAT",22,0,0,10,3,22,22,13.5799999,13.5799999,26,32,10/14/2022 12:00:00 AM,24,P,20.29999924,P,4,,0,,,1,-1,-1,-1,0,0,4,4,6,N,L,7780.50049,,0,0,04,02,10,1,42,0,99.9,2,308.398956,0,5,3,3,210.000015,N,0,0,Y,,N,61000,H,H,5,90,0,2461,8,,13.5799999,7150,2019,6500,2004,0,0,19,22,5,0,2,1,0,1,3,2,5,2,4,2,N,2,10/14/2024 12:00:00 AM,N,3,N,4,2,3,N,11/5/2022 5:00:37 AM,L,F,0029,L,P,004713,,12,02301,21,42,SPC,6,11/5/2022 5:00:37 AM,8/8/2019 11:03:06 AM,4074088,Y,Y
4074288,2409,02,7301,0000,0,7,40.407,-79.9441,02730100003029,"CSX RR,GLOSTER ST",11,ELIZABETH ST,029 Elizabeth St Bridge,04,1900,1979,5,4,1,1,115.000008,115,38,6,2,2,3,6,2,2,3,0,1,7,2,04,1,6,1,04,301,CITY OF PITTSBURGH,22,0,0,10,2,22,22,99.9,99.9,,,12/17/2022 12:00:00 AM,24,A,45.79999924,P,4,,0,,,1,-1,-1,-1,0,0,4,5,4,N,L,4370.00049,,0,0,04,02,02,1,42,0,2.5999999,5,114.829391,0,6,3,3,82,N,0,0,Y,,N,61000,H,H,6,90,0,2409,2,,99.9,3300,2042,3000,2020,0,0,19,22,5,0,2,1,0,1,3,2,5,8,4,4,N,2,12/17/2024 12:00:00 AM,N,4,N,4,2,3,N,6/16/2023 5:00:37 AM,L,F,0023,L,P,129808,,12,02301,19,43,SPC,6,6/16/2023 5:00:37 AM,8/8/2019 11:03:08 AM,4074288,Y,Y
45678420,55802,02,7301,0000,0,7,40.4516,-80.0107,02730100003119,NORFOLK SOUTHERN R/R,11,WEST OHIO ST,118 West Ohio St Bridge,04,1903,2021,5,2,1,0,71,71,62,1,0,1,0.5,,,,,,1,9,2,04,,,,,301,CITY OF PITTSBURGH,40,0,0,10,1,40,40,99.9,99.9,,,11/5/2021 12:00:00 AM,24,A,94.69999695,,4,,0,,,1,-1,-1,-1,0,0,8,8,7,N,L,4402,,,0,27,,02,1,42,0,8.30000019,5,,,8.69999981,,3,68,,,,Y,,N,61000,R,R,8.69999981,68,0,55802,0,!,99.9,4245,2041,3479,2021,0,0,19,40,5,0,2,6,0,1,3,2,,4,8,4,N,6,11/5/2023 12:00:00 AM,,6,N,5,4,4,N,7/12/2022 5:00:37 AM,4,F,0002,L,G,,,12,02301,19,42,SPC,0,7/12/2022 5:00:37 AM,7/22/2022 9:39:15 AM,45678420,Y,Y
4076932,2441,02,7301,0000,0,7,40.4381,-79.9456,02730100003087,SCHENLEY PARK STREAM,11,PANTHER HOLLOW TR,087 Schenley Prk Hlw Trl1,04,1908,0,5,5,1,0,45,45,27.5,N,N,N,0,,,,0,0,2,1,9,20,,,,,301,CITY OF PITTSBURGH,20,0,0,01,3,20,22,99.9,99.9,,,3/31/2023 12:00:00 AM,24,A,99,,4,,0,,,1,-1,-1,-1,0,0,N,6,6,N,L,1237.5,,0,0,04,,11,N,42,,,1,101.706032,0,0,,1,45,0,0,0,Y,,N,61000,N,N,0,85,0,2441,0,,99.9,50,2045,50,2023,0,0,19,22,8,0,2,8,0,1,3,2,3,N,6,N,6,5,3/31/2025 12:00:00 AM,,N,4,6,N,N,9,5/19/2023 5:00:37 AM,L,F,0019,L,F,129721,D,12,02301,23,43,SPC,6,5/19/2023 5:00:37 AM,8/8/2019 11:03:24 AM,4076932,Y,Y
4077360,2416,02,7301,0000,0,7,40.4605,-79.9666,02730100003040,"NSRC, CSX & BUSWAY",11,HERRON AV,040 Herron Ave,04,1980,0,5,4,7,0,754,754,46,6,0,1,3.79999995,,,,0,0,1,9,4,09,1,9,4,04,301,CITY OF PITTSBURGH,30,0,0,10,2,30,30,99.9,99.9,,,10/31/2022 12:00:00 AM,24,A,43.90000153,P,4,,0,,,1,-1,-1,-1,0,0,5,5,4,N,L,34684.0039,,0,0,04,02,02,1,42,0,4.80000019,5,754.59314,0,6,4,4,130,N,0,0,Y,,N,61000,H,R,6,90,0,2416,2,,99.9,12000,2044,10900,2022,0,0,16,30,5,0,2,1,0,1,3,2,7,4,8,6,N,4,10/31/2024 12:00:00 AM,N,5,N,4,6,3,N,2/16/2023 4:00:37 AM,L,F,0020,L,P,,,12,02301,21,42,SPC,6,2/16/2023 4:00:37 AM,8/8/2019 11:03:27 AM,4077360,Y,Y
4082556,2392,02,7301,0000,0,7,40.4401,-80.0334,02730100003001,SAW MILL RUN,11,ALEXANDER ST,001 Alexander St Bridge,04,1924,2010,1,5,1,0,42,42,11.8000002,1,0,1,0.5,,,,0,0,1,9,1,14,,,,,301,CITY OF PITTSBURGH,12,0,0,02,99,12,10,99.9,99.9,,,6/14/2022 12:00:00 AM,24,A,68.69999695,H,4,,0,,,1,-1,-1,-1,0,0,7,5,5,N,L,495.600037,,0,0,04,,03,8,42,0,0,5,42.6509171,0,0,,3,40,0,0,0,Y,,N,61000,N,N,0,90,0,2392,0,,99.9,110,2042,20,2022,0,0,19,10,5,0,2,1,0,1,3,2,10,2,6,2,5,2,6/14/2024 12:00:00 AM,,2,7,5,2,N,9,7/14/2022 5:00:38 AM,L,F,0027,L,F,129804,D,12,02301,27,42,SPC,6,7/14/2022 5:00:38 AM,8/8/2019 11:04:00 AM,4082556,Y,Y
85345612,47751,02,7301,0000,0,7,40.4434,-80.0063,02730100003143,Tenth St. Bypass,11,Fancourt Street,143 10th St Bypass off Ft,04,2012,,1,1,1,0,123.000008,123,50,1,0,2,1.5,,,,,0,1,6,2,09,,,,,301,,12,0,0,07,2,20,36,99.9,99.9,,,10/28/2021 12:00:00 AM,24,A,94.09999847,,4,,0,,,1,-1,-1,-1,0,0,8,8,6,N,L,6150,,0,N,04,,02,4,42,2,1.39999998,5,0,0,0,,3,78,N,,,Y,,N,61000,N,H,0,18,1,47751,2,!,99.9,6600,2043,6000,2021,0,4,19,36,5,0,1,7,0,1,3,1,5,8,6,4,N,9,10/28/2023 12:00:00 AM,,8,N,6,4,3,N,8/23/2023 5:00:38 AM,L,F,0008,L,F,,,12,02301,19,42,SPC,6,8/23/2023 5:00:38 AM,8/23/2023 5:15:08 AM,85345612,Y,Y
4090372,2469,02,7301,0000,0,7,40.3832,-79.9314,02730100003144,IRWINS RUN,11,HILLBURNE ST,144 Hillburn St Ped Bridg,04,1995,0,5,5,1,0,24,24,12.5,1,0,0,0.5,,,,0,0,1,6,1,04,,,,,301,CITY OF PITTSBURGH,15,0,1,10,99,25,10.8000002,99.9,99.9,,,6/15/2023 12:00:00 AM,24,A,71.40000153,H,4,,0,,,1,-1,-1,-1,0,0,6,5,7,N,L,299.999969,,0,0,04,,02,1,42,0,0,4,22.9658794,0,0.699999988,,3,21,0,0,0,Y,,N,61000,N,N,0.699999988,90,0,2469,0,,99.9,11,2043,10,2021,0,0,19,10.8999996,5,0,2,1,0,1,3,2,3,N,7,N,6,6,6/15/2025 12:00:00 AM,,4,5,5,N,N,7,8/5/2023 5:00:38 AM,L,F,0015,L,F,,,12,02301,38,43,SPC,6,8/5/2023 5:00:38 AM,8/8/2019 11:04:50 AM,4090372,Y,Y
4092416,2449,02,7301,0000,0,7,40.4327,-80.0299,02730100003097,SAW MILL RUN CREEK,11,SHALER ST,097 Shaler St Bridge,04,1900,0,5,5,1,0,58,58,39.5,6,0,0,0.5,,,,0,0,1,9,1,13,,,,,301,CITY OF PITTSBURGH,24,0,1,10,2,24,24.1000004,99.9,99.9,,,10/12/2021 12:00:00 AM,24,A,42.70000076,P,4,,0,,,1,-1,-1,-1,0,0,4,5,4,N,L,2291,,0,0,04,,03,1,42,0,0,5,59.0551186,0,6,,3,50,0,0,0,Y,,N,61000,N,N,6,90,0,2449,0,,99.9,1485,2029,1350,2009,0,0,19,24.1000004,5,0,2,1,0,1,3,2,5,3,6,2,6,4,10/12/2023 12:00:00 AM,,3,4,4,2,N,8,7/12/2022 5:00:37 AM,L,F,0019,L,P,129724,D,12,02301,27,42,SPC,6,7/12/2022 5:00:37 AM,8/8/2019 11:05:04 AM,4092416,Y,Y
4092472,2470,02,7301,0000,0,7,40.4648,-79.9188,02730100003831,PEDESTRIAN WALKWAY,11,E LIBERTY(NB) BL,031 E LIBERTY BLVD NB,04,1968,0,5,3,1,0,52,52,36.7999992,6,0,0,6,,,,0,1,4,2,2,06,,,,,301,CITY OF PITTSBURGH,24,0,0,10,1,24,24,99.9,99.9,,,8/12/2021 12:00:00 AM,24,A,84.40000153,,4,,0,,,1,-1,-1,-1,0,0,5,6,5,N,L,1913.59998,,0,0,04,,06,1,42,,,5,52.4934387,0,0,,5,50,N,0,0,Y,,N,61000,N,N,8.69999981,87,0,2470,0,,99.9,6635,2043,6635,2021,0,1,19,24,5,0,1,1,0,1,3,1,5,4,6,4,N,7,8/12/2023 12:00:00 AM,,2,N,5,4,N,N,7/12/2022 5:00:37 AM,L,F,0019,L,F,,,12,02301,24,38,SPC,6,7/12/2022 5:00:37 AM,8/8/2019 11:05:04 AM,4092472,Y,Y
4094904,2465,02,7301,0000,0,7,40.426,-79.906,02730100003122,NINE MILE RUN CREEK,11,COMMERCIAL ST,122 Commercial St Bridge,04,1940,0,5,5,1,0,17,17,0,,,,0,,,,0,0,2,1,9,32,,,,,301,CITY OF PITTSBURGH,,0,0,,3,20,0,99.9,99.9,,,12/12/1985 12:00:00 AM,24,A,86,,4,,0,,,1,-1,-1,-1,0,0,6,7,7,5,L,340,,0,0,04,,19,N,42,,,,0,0,0,,1,16,0,0,0,N,,N,61000,N,N,11,0,0,2465,0,,99.9,,,0,,0,0,19,20.6000004,5,0,2,6,0,1,3,2,,0,7,0,5,6,12/12/1987 12:00:00 AM,N,0,,5,0,N,6,8/20/2022 5:00:37 AM,L,F,0003,N,F,,,12,02301,23,43,SPC,0,8/20/2022 5:00:37 AM,7/22/2022 9:39:15 AM,4094904,Y,Y
4095288,2459,02,7301,0000,0,7,40.4104,-80.0063,02730100003113,SAW MILL RUN CREEK,11,TIMBERLAND AV,113 Timberland Ave,04,1909,0,1,5,1,0,32,32,14,6,0,0,3,,,,0,0,2,1,1,99,,,,,301,CITY OF PITTSBURGH,20,0,1,10,2,20,12.1999998,99.9,99.9,,,10/12/2021 12:00:00 AM,24,C,16.79999924,P,4,,0,,,1,-1,-1,-1,0,0,1,1,3,N,L,448.000031,,0,0,04,,00,1,42,,,2,32.8083992,0,0,,1,29,0,0,0,Y,,N,61000,N,N,0,90,0,2459,0,,99.9,35,2030,30,2010,0,0,19,12.1999998,5,0,1,0,0,1,3,2,1,3,5,3,4,4,10/12/2023 12:00:00 AM,,2,3,0,2,N,3,7/12/2022 5:00:37 AM,L,F,0033,L,P,129750,A,12,02301,36,43,SPC,0,7/12/2022 5:00:37 AM,7/22/2022 9:39:15 AM,4095288,Y,Y
85347032,54694,02,7301,0000,0,7,40.416,-79.9158,02730100003094,Nine Mile Run,11,MCFARREN ST.,094 MCFARREN ST BRIDGE,04,2020,,5,5,1,0,130,130,28.5,1,0,1,0.5,,,,,,1,9,2,09,,,,,301,CITY OF PITTSBURGH,20,0,0,10,99,20,20,99.9,99.9,,,9/19/2022 12:00:00 AM,24,A,76.59999847,H,4,,0,,,1,-1,-1,-1,0,0,8,8,8,N,L,3705.00024,,,0,04,,02,1,42,0,0,4,,0,5.69999981,,3,128,0,0,0,Y,,N,61000,N,N,0.600000024,60,0,54694,0,!,99.9,150,2040,150,2020,0,0,19,20,5,0,2,1,0,1,3,2,5,8,8,6,8,4,9/19/2024 12:00:00 AM,,8,8,8,6,N,8,8/23/2023 5:00:38 AM,L,F,0003,L,G,,,12,02301,23,43,SPC,6,8/23/2023 5:00:38 AM,8/23/2023 5:16:03 AM,85347032,Y,Y
4096744,41373,02,7301,0000,0,7,40.4451,-80.0148,02730100003148,PEDESTRIAN UNDER PASS,11,NORTH SHORE DRIVE,148 North Shore Dr Bridge,04,2001,0,5,3,3,0,125.000008,125,78,1,0,1,0.5,,,,0,0,1,6,4,04,,,,,301,CITY OF PGH,46,0,0,10,1,46,46,99.9,99.9,,,10/29/2021 12:00:00 AM,24,A,80,H,4,,0,,,1,-1,-1,-1,0,0,6,8,7,N,L,9750.00098,,0,0,04,,02,1,42,,,5,124.671913,0,16,,4,46,N,,,Y,,N,61000,N,N,16,68,0,41373,0,,99.9,27000,2043,10000,2021,0,0,16,46,5,0,4,6,0,1,3,2,5,8,6,8,N,2,10/29/2023 12:00:00 AM,N,6,N,7,7,N,N,7/12/2022 5:00:37 AM,L,F,0011,L,F,,,12,02301,19,42,SPC,6,7/12/2022 5:00:37 AM,8/8/2019 11:05:32 AM,4096744,Y,Y
85347744,49066,02,7301,0000,0,-,40.4275,-80.0639,02730100003073,Bell Run,11,Pennsdale Avenue,073 Pensdale St Br No 1,04,1901,,1,5,0,0,12,12,0,,0,0,,,,,,,3,1,1,31,,,,,301,,0,0,0,,0,1,0,99.9,99.9,,,1/15/2015 12:00:00 AM,24,A,45,,4,,0,,,1,-1,-1,-1,0,0,N,N,N,N,L,11.9999943,,,-,04,,19,N,42,,,,,,0,,1,0,,,,N,,,61000,,N,0,0,0,49066,0,,99.9,,,,,,,19,,,,,,0,1,1,,,N,N,N,N,N,1/1/2001 12:00:00 AM,,N,,9,N,N,N,8/23/2023 5:00:38 AM,L,F,0002,N,N,,,12,02301,27,42,SPC,6,8/23/2023 5:00:38 AM,8/23/2023 5:16:30 AM,85347744,Y,Y
4108096,1062,02,7301,0000,0,7,40.4831,-80.0076,02730100003137,I-279(LR 1021-3),11,EAST ST,137 East St Bridge,04,1986,0,5,1,3,0,450,450,45.5999985,1,0,1,0.5,,,,0,1,1,9,3,22,,,,,301,CITY OF PITTSBURGH,25,0,0,10,2,35,35,99.9,99.9,,,4/12/2023 12:00:00 AM,24,A,69.5,H,4,,0,,,1,-1,-1,-1,0,0,7,6,5,N,L,20520.002,,0,0,04,,07,1,42,99.9,99.9,5,449.475067,0,6,,4,175,N,0,0,Y,,N,61000,H,H,0,62,0,1062,9,,99.9,2000,2022,2000,2007,0,0,16,35,5,0,3,8,0,1,3,2,10,8,6,6,N,2,4/12/2025 12:00:00 AM,N,6,N,5,5,6,N,5/6/2023 5:00:38 AM,L,F,0021,L,F,,,12,02301,19,42,SPC,6,5/6/2023 5:00:38 AM,8/8/2019 11:06:48 AM,4108096,Y,Y
4109196,2445,02,7301,0000,0,7,40.4351,-79.9361,02730100003091,SCHENLEY PARK STREAM,11,LOCUST TR,091 Schenley Locst Brdl 1,04,1939,0,5,5,1,0,12,12,19,N,N,N,0,,,,0,,1,9,9,35,,,,,301,CITY OF PITTSBURGH,15,0,0,,3,15,15.5,99.9,99.9,,,10/16/1989 12:00:00 AM,24,A,89.5,,4,,0,,,1,-1,-1,-1,0,0,N,5,6,N,L,227.999985,,0,0,04,,19,N,42,,,5,88.5826797,0,0,,3,12,0,0,0,N,,N,61000,N,N,0,90,0,2445,0,,99.9,2,1987,2,1987,0,0,19,15.5,8,0,2,8,0,1,3,2,,2,6,2,7,7,10/16/1991 12:00:00 AM,N,6,,9,2,N,8,8/23/2022 5:00:37 AM,L,F,0004,N,F,,,12,02301,23,43,SPC,0,8/23/2022 5:00:37 AM,7/22/2022 9:39:15 AM,4109196,Y,Y
4109440,40785,02,7301,0000,0,7,40.4286,-79.9602,02730100003145,MON RIVER & PRIVATE RR,11,HOT METAL STREET,145 Hot Metal Bridge,04,1904,2000,1,7,5,2,1117,1117,27.5,1,0,1,0.5,1,0,1,0.5,0,1,6,1,18,1,6,2,11,301,CITY OF PITTSBURGH,25,0,1,10,2,25,24,15,99.9,,,4/22/2022 12:00:00 AM,24,A,59.90000153,H,4,,0,,,1,-1,-1,-1,0,0,7,5,5,N,L,30717.502,,0,0,04,03,10,1,42,0,45.4000015,4,1115.4856,0,0.800000012,3,3,321,1,300,48,Y,,N,61000,R,R,0.800000012,84,0,40785,0,,15,20000,2044,17500,2022,0,0,19,24,5,0,2,6,0,1,3,2,8,4,7,6,7,2,4/22/2024 12:00:00 AM,5,5,4,5,6,9,9,8/22/2023 5:00:38 AM,L,F,0023,L,F,,D,12,02301,19,43,SPC,6,8/22/2023 5:00:38 AM,8/8/2019 11:06:57 AM,4109440,Y,Y
4109768,2456,02,7301,0000,0,7,40.4726,-80.0049,02730100003109,"I279,HOV,RAMP G,EAST ST",11,SWINDELL BR,109 SWINDELL BRIDGE,04,1930,1990,5,1,4,0,1097,1097,27.8000011,1,0,1,0.5,0,0,0,0,1,1,6,9,17,,,,,301,CITY OF PITTSBURGH,25,0,0,10,5.00000048,25,25,99.9,99.9,,,5/26/2023 12:00:00 AM,24,A,16.20000076,P,4,,0,,,1,-1,-1,-1,0,0,4,3,5,N,L,30496.5996,,0,0,04,,09,1,42,5,5,2,1095.80054,0,3.70000005,,3,545,N,0,0,Y,,N,61000,H,H,4.5,90,0,2456,11,,99.9,13090,2044,5700,2022,0,0,16,26,5,0,2,1,0,1,3,2,6,8,8,8,N,2,5/26/2025 12:00:00 AM,!,3,N,3,5,9,N,8/1/2023 5:00:38 AM,L,F,0026,L,P,129753,,12,02301,19,42,SPC,6,8/1/2023 5:00:38 AM,8/8/2019 11:06:59 AM,4109768,Y,Y
4112512,2398,02,7301,0000,0,7,40.4606,-79.956,02730100003010,"N-S RR,CSX RR,E BSWY,PL",11,BLOOMFIELD BR,010 Bloomfield Bridge,04,1986,0,5,4,7,2,1541,1541,67.6999969,1,0,1,0.5,1,0,1,0.5,0,1,9,4,09,1,6,2,04,301,CITY OF PITTSBURGH,28,0,0,10,1,73,56,99.9,99.9,,,4/28/2023 12:00:00 AM,24,A,58.79999924,H,4,,0,,,1,-1,-1,-1,0,0,6,6,5,N,L,104325.703,,0,3,04,02,02,1,42,0,4,5,1535.43311,0,5,3,4,300,N,0,0,Y,,N,61000,H,H,0.600000024,90,1,2398,2,,99.9,32000,2043,30000,2021,0,0,17,28,5,0,4,1,1,1,3,2,6,8,8,5,N,3,4/28/2025 12:00:00 AM,N,5,N,5,8,4,N,6/16/2023 5:00:37 AM,H,F,0022,L,F,,,12,02301,24,43,SPC,6,6/16/2023 5:00:37 AM,8/8/2019 11:07:18 AM,4112512,Y,Y
4112732,2431,02,7301,0000,0,7,40.4271,-79.9269,02730100003066,"BEECHWOOD BLVD,PKWY RAMP",11,MURRAY AV,066 Murray Ave BrIdge,04,1978,0,5,1,3,0,325,325,60,6,9,0,3,,,,0,0,1,6,4,22,,,,,301,CITY OF PITTSBURGH,44,0,0,10,2,44,44,99.9,99.9,,,3/4/2022 12:00:00 AM,24,A,86,,4,,0,,,1,-1,-1,-1,0,0,7,7,5,N,L,19500,,0,0,04,,07,1,42,0,99.9,5,324.803131,0,5.30000019,,4,166,N,0,0,Y,,N,61000,H,H,5.30000019,90,0,2431,6,,99.9,11500,2024,11500,2007,0,0,19,44,5,0,2,1,0,1,3,2,5,4,7,4,N,6,9/29/2023 12:00:00 AM,N,6,N,5,6,9,N,1/25/2023 4:00:38 AM,L,F,0021,L,F,,,12,02301,23,43,SPC,6,1/25/2023 4:00:38 AM,8/8/2019 11:07:20 AM,4112732,Y,Y
4118924,2412,02,7301,0000,0,7,40.4377,-80.0035,02730100003035,MON WHARF PARKING LOT,11,FORT PITT BL,035 Fort Pitt Blvd,04,2002,0,1,0,30,0,1623,1623,40.2999992,1,0,1,0.5,,,,0,1,4,2,4,04,,,,,301,CITY OF PITTSBURGH,34,0,0,11,2,34,36.7999992,99.9,99.9,,,11/30/2022 12:00:00 AM,24,A,77.90000153,H,4,,0,,,1,-1,-1,-1,0,0,7,7,6,N,L,65406.8945,,0,3,04,,02,1,42,0,0,2,1624.01575,0,0.600000024,,6,56,N,0,0,Y,,N,61000,N,N,0.600000024,89,1,2412,0,,99.9,17000,2044,15955,2022,0,2,14,36.7999992,5,0,3,1,1,1,3,1,6,8,6,8,N,2,11/30/2024 12:00:00 AM,N,8,N,6,8,7,N,2/28/2023 4:00:38 AM,H,F,0024,L,F,129810,,12,02301,19,42,SPC,6,2/28/2023 4:00:38 AM,8/8/2019 11:08:03 AM,4118924,Y,Y
85353284,58032,02,7301,0000,0,-,40.4072,-80.0343,02730100000857,UNNAMED TRIBUTARY,11,CARNAHAN RD,UNKNOWN,04,1901,,1,5,1,0,16,16,22,0,0,0,,,,,,,2,,,04,,,,,301,,0,,,99,97,22,22,,,0,0,4/6/2020 12:00:00 AM,24,A,45,,4,,0,,,1,-1,-1,-1,0,0,N,N,N,N,L,352.000031,,,,04,,,,42,,,,,,0,,1,16,,,,N,,,61000,,,0,0,0,58032,0,,,,,,,,,,,,,,,,1,,,,N,N,N,N,N,1/1/2001 12:00:00 AM,,N,,N,N,N,N,8/23/2023 5:00:38 AM,L,F,0001,N,N,,,12,02301,27,42,SPC,6,8/23/2023 5:00:38 AM,8/23/2023 5:20:02 AM,85353284,Y,Y
85354152,58030,02,7301,0000,0,-,40.4012,-79.9798,02730100000709,BECKS RUN,11,BECKS RUN RD,UNKNOWN,04,1901,,1,5,1,0,12,12,31,0,0,0,,,,,,,2,,,31,,,,,301,,0,,,99,97,31,31,,,0,0,4/6/2020 12:00:00 AM,24,A,45,,4,,0,,,1,-1,-1,-1,0,0,N,N,N,N,L,371.999969,,,,04,,,,42,,,,,,0,,1,12,,,,N,,,61000,,,0,0,0,58030,0,,,,,,,,,,,,,,,,1,,,,N,N,N,N,N,1/1/2001 12:00:00 AM,,N,,N,N,N,N,8/23/2023 5:00:38 AM,L,F,0001,N,N,,,12,02301,36,43,SPC,6,8/23/2023 5:00:38 AM,8/23/2023 5:20:37 AM,85354152,Y,Y
85356216,58027,02,7301,0000,0,-,40.428,-80.0644,02730100000599,UNNAMED TRIBUTARY,11,PENNSDALE ST,UNKNOWN,04,1901,,1,5,1,0,11,11,15,0,0,0,,,,,,,2,,,30,,,,,301,,0,,,99,97,15,15,,,0,0,4/6/2020 12:00:00 AM,24,A,37.5,,4,,0,,,1,-1,-1,-1,0,0,N,N,N,N,L,165.000015,,,,04,,,,42,,,,,,0,,1,11,,,,N,,,61000,,,0,0,0,58027,0,,,,,,,,,,,,,,,,1,,,,N,N,N,N,N,1/1/2001 12:00:00 AM,,N,,N,N,N,N,8/23/2023 5:00:38 AM,L,F,0001,N,N,,,12,02301,27,42,SPC,6,8/23/2023 5:00:38 AM,8/23/2023 5:21:58 AM,85356216,Y,Y
85374756,58031,02,7301,0000,0,-,40.4097,-79.9636,02730100000808,UNNAMED TRIBUTARY,11,BAJO ST,UNKNOWN,04,1901,,1,5,1,0,18,18,14,0,0,0,,,,,,,1,,,04,,,,,301,,0,,,99,97,14,14,,,10,0,4/6/2020 12:00:00 AM,24,P,37.5,,4,,0,,,1,-1,-1,-1,0,0,N,N,N,N,L,252.000015,,,,04,,,,42,,,,,,0,,3,18,,,,N,,,61000,,,0,0,0,58031,0,,,,,,,,,,,,,,,,1,,,,N,N,N,N,N,1/1/2001 12:00:00 AM,,N,,N,N,N,N,8/23/2023 5:00:38 AM,L,F,0001,N,N,,,12,02301,36,43,SPC,6,8/23/2023 5:00:38 AM,8/23/2023 5:34:50 AM,85374756,Y,Y
85376188,58033,02,7301,0000,0,-,40.3768,-79.9946,02730100000858,UNNAMED TRIBUTARY,11,ARCATA ST,UNKNOWN,04,1901,,1,5,1,0,12,12,12,0,0,0,,,,,,,2,,,01,,,,,301,,0,,,99,97,12,12,,,0,0,4/6/2020 12:00:00 AM,24,A,30,,4,,0,,,1,-1,-1,-1,0,0,N,N,N,N,L,144,,,,04,,,,42,,,,,,0,,1,12,,,,N,,,61000,,,0,0,0,58033,0,,,,,,,,,,,,,,,,1,,,,N,N,N,N,N,1/1/2001 12:00:00 AM,,N,,N,N,N,N,8/23/2023 5:00:38 AM,L,F,0001,N,N,,,12,02301,36,42,SPC,6,8/23/2023 5:00:38 AM,8/23/2023 5:35:52 AM,85376188,Y,Y
85378640,58026,02,7301,0000,0,-,40.3789,-79.9937,02730100000473,UNNAMED TRIBUTARY,11,PROVOST RD,UNKNOWN,04,1901,,1,5,1,0,12,12,23,0,0,0,,,,,,,2,,,01,,,,,301,,0,,,99,97,23,23,,,0,0,4/6/2020 12:00:00 AM,24,A,45,,4,,0,,,1,-1,-1,-1,0,0,N,N,N,N,L,276,,,,04,,,,42,,,,,,0,,1,12,,,,N,,,61000,,,0,0,0,58026,0,,,,,,,,,,,,,,,,1,,,,N,N,N,N,N,1/1/2001 12:00:00 AM,,N,,9,N,N,N,8/23/2023 5:00:38 AM,L,F,0002,N,N,,,12,02301,36,42,SPC,6,8/23/2023 5:00:38 AM,8/23/2023 5:37:34 AM,85378640,Y,Y
85384908,58034,02,7301,0000,0,-,40.3836,-79.9329,02730100000924,UNNAMED TRIBUTARY,11,CALERA ST,UNKNOWN,04,1901,,1,5,1,0,14,14,12,0,0,0,,,,,,,2,,,01,,,,,301,,0,,,99,97,12,12,,,12.000001,0,4/6/2020 12:00:00 AM,24,P,30,,4,,0,,,1,-1,-1,-1,0,0,N,N,N,N,L,167.999985,,,,04,,,,42,,,,,,0,,1,14,,,,N,,,61000,,,0,0,0,58034,0,,,,,,,,,,,,,,,,1,,,,N,N,N,N,N,1/1/2001 12:00:00 AM,,N,,N,N,N,N,8/23/2023 5:00:38 AM,L,F,0001,N,N,,,12,02301,38,43,SPC,6,8/23/2023 5:00:38 AM,8/23/2023 5:42:01 AM,85384908,Y,Y
85394764,69447,02,7301,0000,0,7,40.4286,-79.9653,02730100003160,CSX Railroad Tunnel,11,S 27th Street,0.2 MI NW of Hot Metal Br,04,2002,,1,0,1,0,84,84,25.2999992,1,0,1,0.5,,,,,,4,2,2,06,,,,,301,City of Pittsburgh,24,0,0,10,1,24,24,99.9,99.9,,,2/22/2023 12:00:00 AM,24,A,82.90000153,,4,,0,,,1,-1,-1,-1,0,0,7,7,7,N,L,2125.19995,,,0,04,,06,1,42,,,5,,,0.699999988,,5,82,,,,Y,,N,61000,N,N,0.699999988,88,0,69447,0,!,99.9,1500,2040,1500,2023,0,0,19,24,5,0,2,1,0,1,3,2,1,8,8,8,N,4,2/22/2025 12:00:00 AM,,8,N,7,8,N,N,8/23/2023 5:00:38 AM,L,F,0002,L,G,,,12,02301,36,43,SPC,6,8/23/2023 5:00:38 AM,8/23/2023 5:49:16 AM,85394764,Y,Y
85394768,69448,02,7301,0000,0,7,40.4278,-79.9639,02730100003161,CSX Railroad Tunnel,11,S 28th Street,0.1 MI NW of Hot Metal Br,04,2002,,1,0,1,0,80,80,25.2999992,1,0,1,0.5,,,,,,4,2,2,06,,,,,301,City of Pittsburgh,24,0,0,10,1,24,24,99.9,99.9,,,2/22/2023 12:00:00 AM,24,A,82.90000153,,4,,0,,,1,-1,-1,-1,0,0,7,7,7,N,L,2024.00012,,,0,04,,06,1,42,,,5,,,0.699999988,,5,77,,,,Y,,N,61000,N,N,0.699999988,90,0,69448,0,!,99.9,1500,2040,1500,2023,0,0,19,24,5,0,2,1,0,1,3,2,1,8,8,8,N,4,2/22/2025 12:00:00 AM,,8,N,7,8,N,N,8/23/2023 5:00:38 AM,L,F,0002,L,G,,,12,02301,36,43,SPC,6,8/23/2023 5:00:38 AM,8/23/2023 5:49:16 AM,85394768,Y,Y
85394808,68913,02,7301,0000,0,7,40.4395,-79.9003,02730100003037,FERN HOLLOW CREEK,11,FORBES AVENUE,301033 NEAR S BRADDOCK AV,04,2022,,5,5,3,0,464,464,64,P,0,1,1,,,,1,,4,1,4,04,,,,,301,,48,0,0,10,3,48,44,99.9,99.9,,,3/18/2022 12:00:00 AM,24,A,45,P,4,,0,,,1,-1,-1,-1,0,0,N,N,N,N,L,29696,,,0,04,,02,1,42,0,0,5,,0,5,,6,154,0,0,0,Y,,N,61000,N,N,10.3999996,90,0,68913,0,!,99.9,18000,2042,15000,2022,0,0,14,44,5,0,4,1,,1,3,2,7,N,N,N,N,N,1/1/2001 12:00:00 AM,,N,8,9,N,N,N,8/23/2023 5:00:38 AM,H,F,0002,L,,,,12,02301,"23, 34",43,SPC,6,8/23/2023 5:00:38 AM,8/23/2023 5:49:18 AM,85394808,Y,Y